time us,current kA
-0.5,0.69569
-0.499,0.48707
-0.498,0.48707
-0.497,0.48707
-0.496,0.69569
-0.495,3.20055
-0.494,0.69569
-0.493,0.97413
-0.492,0.69569
-0.491,0.69569
-0.49,1.11321
-0.489,1.39151
-0.488,1.6701
-0.487,0.20876
-0.486,1.6701
-0.485,1.39151
-0.484,1.39151
-0.483,3.41002
-0.482,0.69569
-0.481,0.97413
-0.48,0.69569
-0.479,0.69569
-0.478,0.90445
-0.477,0.90445
-0.476,1.11321
-0.475,3.41002
-0.474,0.69569
-0.473,0.97413
-0.472,0.69569
-0.471,0.48707
-0.47,0.48707
-0.469,0.48707
-0.468,0.48707
-0.467,0.69569
-0.466,0.90445
-0.465,0.90445
-0.464,1.11321
-0.463,1.39151
-0.462,1.6701
-0.461,2.15745
-0.46,2.08763
-0.459,1.60028
-0.458,1.11321
-0.457,0.69569
-0.456,0.69569
-0.455,3.20055
-0.454,0.69569
-0.453,0.97413
-0.452,0.97413
-0.451,3.41002
-0.45,0.69569
-0.449,1.60028
-0.448,1.80833
-0.447,3.82755
-0.446,0.69569
-0.445,1.18275
-0.444,0.69569
-0.443,0.48707
-0.442,0.69569
-0.441,3.20055
-0.44,0.69569
-0.439,0.20876
-0.438,1.94798
-0.437,1.94798
-0.436,1.94798
-0.435,2.43533
-0.434,0.69569
-0.433,1.18275
-0.432,1.39151
-0.431,1.60028
-0.43,2.08763
-0.429,2.15745
-0.428,1.94798
-0.427,0.20876
-0.426,1.94798
-0.425,1.94798
-0.424,1.94798
-0.423,2.43533
-0.422,0.69569
-0.421,0.97413
-0.42,0.69569
-0.419,0.69569
-0.418,0.90445
-0.417,1.11321
-0.416,1.53045
-0.415,3.82755
-0.414,0.69569
-0.413,1.39151
-0.412,1.39151
-0.411,1.39151
-0.41,1.6701
-0.409,0.20876
-0.408,1.53045
-0.407,3.75773
-0.406,0.69569
-0.405,1.18275
-0.404,1.39151
-0.403,3.61808
-0.402,0.69569
-0.401,1.18275
-0.4,0.69569
-0.399,0.69569
-0.398,0.90445
-0.397,0.90445
-0.396,1.11321
-0.395,3.61808
-0.394,0.69569
-0.393,1.39151
-0.392,1.39151
-0.391,3.61808
-0.39,0.69569
-0.389,1.60028
-0.388,1.80833
-0.387,3.82755
-0.386,0.69569
-0.385,1.18275
-0.384,0.69569
-0.383,0.69569
-0.382,0.90445
-0.381,0.90445
-0.38,1.11321
-0.379,3.41002
-0.378,0.69569
-0.377,0.97413
-0.376,0.97413
-0.375,3.20055
-0.374,0.69569
-0.373,1.18275
-0.372,1.11321
-0.371,1.11321
-0.37,1.32197
-0.369,1.11321
-0.368,0.90445
-0.367,0.69569
-0.366,0.69569
-0.365,3.20055
-0.364,0.69569
-0.363,1.18275
-0.362,1.11321
-0.361,0.90445
-0.36,1.11321
-0.359,1.39151
-0.358,1.6701
-0.357,4.3833
-0.356,2.3655
-0.355,2.3655
-0.354,2.3655
-0.353,2.3655
-0.352,2.3655
-0.351,2.3655
-0.35,2.3655
-0.349,2.3655
-0.348,0.13911
-0.347,2.15745
-0.346,1.6701
-0.345,1.18275
-0.344,0.69569
-0.343,0.48707
-0.342,0.48707
-0.341,0.48707
-0.34,0.48707
-0.339,0.48707
-0.338,0.48707
-0.337,0.48707
-0.336,0.48707
-0.335,0.69569
-0.334,0.90445
-0.333,0.90445
-0.332,1.11321
-0.331,1.39151
-0.33,1.6701
-0.329,4.3833
-0.328,2.3655
-0.327,2.3655
-0.326,2.3655
-0.325,2.3655
-0.324,2.3655
-0.323,2.3655
-0.322,2.3655
-0.321,0.13911
-0.32,2.08763
-0.319,1.60028
-0.318,1.11321
-0.317,0.90445
-0.316,0.90445
-0.315,0.90445
-0.314,0.90445
-0.313,0.69569
-0.312,0.69569
-0.311,3.20055
-0.31,0.69569
-0.309,1.18275
-0.308,1.39151
-0.307,1.60028
-0.306,1.80833
-0.305,1.80833
-0.304,1.80833
-0.303,1.80833
-0.302,4.31348
-0.301,2.3655
-0.3,2.3655
-0.299,2.3655
-0.298,2.3655
-0.297,2.3655
-0.296,0.13911
-0.295,2.15745
-0.294,1.6701
-0.293,1.18275
-0.292,0.69569
-0.291,0.48707
-0.29,0.48707
-0.289,0.48707
-0.288,0.48707
-0.287,0.48707
-0.286,0.48707
-0.285,0.48707
-0.284,0.48707
-0.283,0.48707
-0.282,0.48707
-0.281,0.48707
-0.28,0.48707
-0.279,0.69569
-0.278,1.11321
-0.277,1.60028
-0.276,4.31348
-0.275,2.3655
-0.274,2.3655
-0.273,2.3655
-0.272,2.3655
-0.271,2.3655
-0.27,2.3655
-0.269,2.3655
-0.268,0.13911
-0.267,2.15745
-0.266,1.6701
-0.265,1.18275
-0.264,0.69569
-0.263,0.48707
-0.262,0.48707
-0.261,0.48707
-0.26,0.48707
-0.259,0.48707
-0.258,0.48707
-0.257,0.48707
-0.256,0.48707
-0.255,0.48707
-0.254,0.48707
-0.253,0.48707
-0.252,0.69569
-0.251,3.20055
-0.25,0.69569
-0.249,1.18275
-0.248,1.39151
-0.247,1.60028
-0.246,4.31348
-0.245,2.3655
-0.244,2.3655
-0.243,2.3655
-0.242,0.13911
-0.241,2.15745
-0.24,1.6701
-0.239,1.18275
-0.238,0.69569
-0.237,0.48707
-0.236,0.48707
-0.235,0.48707
-0.234,0.48707
-0.233,0.48707
-0.232,0.48707
-0.231,0.48707
-0.23,0.48707
-0.229,0.48707
-0.228,0.69569
-0.227,3.20055
-0.226,0.69569
-0.225,1.18275
-0.224,1.39151
-0.223,1.60028
-0.222,4.31348
-0.221,2.3655
-0.22,2.3655
-0.219,2.3655
-0.218,2.3655
-0.217,2.3655
-0.216,0.13911
-0.215,2.15745
-0.214,1.6701
-0.213,1.18275
-0.212,0.69569
-0.211,0.48707
-0.21,0.48707
-0.209,0.48707
-0.208,0.48707
-0.207,0.48707
-0.206,0.48707
-0.205,0.48707
-0.204,0.69569
-0.203,3.20055
-0.202,0.69569
-0.201,0.97413
-0.2,0.69569
-0.199,0.69569
-0.198,0.90445
-0.197,0.90445
-0.196,1.11321
-0.195,3.41002
-0.194,0.69569
-0.193,1.18275
-0.192,1.11321
-0.191,1.11321
-0.19,1.32197
-0.189,1.32197
-0.188,1.32197
-0.187,1.11321
-0.186,0.90445
-0.185,0.69569
-0.184,0.48707
-0.183,0.48707
-0.182,0.48707
-0.181,0.48707
-0.18,0.48707
-0.179,0.48707
-0.178,0.69569
-0.177,3.20055
-0.176,0.69569
-0.175,0.20876
-0.174,1.94798
-0.173,1.94798
-0.172,1.94798
-0.171,0.20876
-0.17,1.94798
-0.169,4.3833
-0.168,2.3655
-0.167,2.3655
-0.166,0.13911
-0.165,2.15745
-0.164,1.94798
-0.163,0.20876
-0.162,1.6701
-0.161,1.39151
-0.16,1.11321
-0.159,0.90445
-0.158,0.90445
-0.157,0.90445
-0.156,1.11321
-0.155,3.41002
-0.154,0.69569
-0.153,0.97413
-0.152,0.69569
-0.151,0.69569
-0.15,0.90445
-0.149,0.90445
-0.148,1.11321
-0.147,3.41002
-0.146,0.69569
-0.145,0.97413
-0.144,0.69569
-0.143,0.48707
-0.142,0.48707
-0.141,0.69569
-0.14,0.90445
-0.139,1.11321
-0.138,1.32197
-0.137,1.32197
-0.136,1.32197
-0.135,1.11321
-0.134,0.90445
-0.133,0.69569
-0.132,0.48707
-0.131,0.48707
-0.13,0.69569
-0.129,1.18275
-0.128,1.6701
-0.127,2.15745
-0.126,2.08763
-0.125,1.60028
-0.124,1.39151
-0.123,3.61808
-0.122,0.69569
-0.121,1.60028
-0.12,1.80833
-0.119,1.80833
-0.118,1.80833
-0.117,1.60028
-0.116,1.39151
-0.115,3.41002
-0.114,0.69569
-0.113,1.18275
-0.112,1.39151
-0.111,1.60028
-0.11,4.31348
-0.109,0.13911
-0.108,2.08763
-0.107,1.80833
-0.106,1.53045
-0.105,1.11321
-0.104,1.11321
-0.103,1.39151
-0.102,1.6701
-0.101,4.3833
-0.1,0.13911
-0.099,2.15745
-0.098,1.6701
-0.097,1.39151
-0.096,1.11321
-0.095,1.11321
-0.094,1.53045
-0.093,3.82755
-0.092,0.69569
-0.091,1.18275
-0.09,0.69569
-0.089,0.48707
-0.088,0.48707
-0.087,0.48707
-0.086,0.48707
-0.085,0.69569
-0.084,1.11321
-0.083,3.61808
-0.082,0.69569
-0.081,1.39151
-0.08,1.39151
-0.079,3.61808
-0.078,0.69569
-0.077,1.18275
-0.076,0.97413
-0.075,3.20055
-0.074,0.69569
-0.073,0.97413
-0.072,0.97413
-0.071,3.41002
-0.07,0.69569
-0.069,1.60028
-0.068,1.80833
-0.067,1.60028
-0.066,1.6701
-0.065,2.43533
-0.064,0.69569
-0.063,1.18275
-0.062,1.11321
-0.061,0.90445
-0.06,1.11321
-0.059,3.61808
-0.058,0.69569
-0.057,1.60028
-0.056,1.80833
-0.055,1.80833
-0.054,2.08763
-0.053,2.15745
-0.052,1.94798
-0.051,2.43533
-0.05,0.69569
-0.049,0.97413
-0.048,0.97413
-0.047,3.20055
-0.046,0.69569
-0.045,1.18275
-0.044,1.11321
-0.043,0.90445
-0.042,0.90445
-0.041,0.69569
-0.04,0.48707
-0.039,0.48707
-0.038,0.48707
-0.037,0.48707
-0.036,0.48707
-0.035,0.69569
-0.034,3.6879
-0.033,4.80083
-0.032,5.63588
-0.031,4.87065
-0.03,5.63588
-0.029,8.4189
-0.028,6.67898
-0.027,6.67898
-0.026,5.49623
-0.025,5.358
-0.024,0.13911
-0.023,6.33127
-0.022,3.41002
-0.021,3.61808
-0.02,3.27038
-0.019,0.20876
-0.018,1.6701
-0.017,1.18275
-0.016,0.69569
-0.015,0.13911
-0.014,-1.46062
-0.013,-1.60028
-0.012,-2.15745
-0.011,-2.08763
-0.01,-1.53045
-0.009,-0.20876
-0.008,5.358
-0.007,8.4189
-0.006,12.59415
-0.005,16.34475
-0.004,19.0665
-0.003,6.81863
-0.002,29.982
-0.001,0.62615
-1.29E-08,9.67148
0.001,8.83643
0.002,-1.18289
0.003,-12.66398
0.004,-8.48873
0.005,-10.92405
0.006,-6.33127
0.007,-9.25395
0.008,-10.7844
0.009,-7.0281
0.01,-12.59415
0.011,-9.11573
0.012,-19.6935
0.013,-14.26425
0.014,-14.478
0.015,-7.58385
0.016,-7.86315
0.017,12.66398
0.018,5.7057
0.019,24.01125
0.02,19.551
0.021,31.30725
0.022,28.5285
0.023,33.81525
0.024,28.5285
0.025,27.132
0.026,21.64575
0.027,20.59125
0.028,14.40675
0.029,10.64618
0.03,5.77553
0.031,-2.7132
0.032,-3.3402
0.033,-8.6982
0.034,-8.14103
0.035,-2.92268
0.036,1.32197
0.037,1.87815
0.038,3.89595
0.039,4.24365
0.04,3.61808
0.041,6.47093
0.042,4.59277
0.043,5.49623
0.044,8.83643
0.045,10.29848
0.046,9.53182
0.047,12.66398
0.048,11.27175
0.049,14.60625
0.05,16.48725
0.051,20.0355
0.052,23.313
0.053,20.59125
0.054,18.22575
0.055,18.7815
0.056,12.59415
0.057,6.95828
0.058,-3.41002
0.059,-4.731
0.06,-11.61945
0.061,-5.49623
0.062,-5.91375
0.063,-3.82755
0.064,-1.73993
0.065,0.55661
0.066,5.56605
0.067,8.90625
0.068,13.4292
0.069,20.52
0.07,23.313
0.071,24.567
0.072,24.98025
0.073,28.671
0.074,27.00375
0.075,24.49575
0.076,26.163
0.077,25.536
0.078,25.12275
0.079,22.401
0.08,23.24175
0.081,16.14525
0.082,12.17663
0.083,7.51403
0.084,0.90445
0.085,4.10542
0.086,-3.75773
0.087,-0.2783
0.088,1.46062
0.089,-2.0178
0.09,-1.25243
0.091,-1.60028
0.092,-3.89595
0.093,1.94798
0.094,0.83491
0.095,8.55855
0.096,11.7591
0.097,15.789
0.098,19.0665
0.099,20.39175
0.1,22.95675
0.101,25.194
0.102,27.20325
0.103,26.71875
0.104,28.1865
0.105,31.0365
0.106,28.11525
0.107,22.5435
0.108,21.9165
0.109,16.00275
0.11,9.88095
0.111,11.0637
0.112,5.49623
0.113,8.4189
0.114,7.23615
0.115,6.95828
0.116,5.0103
0.117,10.64618
0.118,12.17663
0.119,16.701
0.12,16.8435
0.121,18.4395
0.122,17.043
0.123,15.5895
0.124,17.39925
0.125,19.893
0.126,18.51075
0.127,19.33725
0.128,22.13025
0.129,20.73375
0.13,23.58375
0.131,20.59125
0.132,21.147
0.133,18.0975
0.134,19.13775
0.135,15.789
0.136,16.8435
0.137,13.4292
0.138,14.82
0.139,14.19443
0.14,11.96715
0.141,17.59875
0.142,18.65325
0.143,20.39175
0.144,21.07575
0.145,20.73375
0.146,23.58375
0.147,20.59125
0.148,18.22575
0.149,19.33725
0.15,17.043
0.151,16.5585
0.152,15.9315
0.153,15.9315
0.154,19.28025
0.155,20.9475
0.156,22.95675
0.157,24.909
0.158,24.49575
0.159,27.97275
0.16,26.09175
0.161,25.46475
0.162,21.01875
0.163,16.34475
0.164,16.8435
0.165,16.8435
0.166,16.48725
0.167,20.0355
0.168,22.2585
0.169,27.9015
0.17,29.64
0.171,35.55375
0.172,37.43475
0.173,34.15725
0.174,30.7515
0.175,28.8705
0.176,23.24175
0.177,19.47975
0.178,17.67
0.179,11.7591
0.18,8.28068
0.181,10.99388
0.182,9.1143
0.183,11.68928
0.184,13.35938
0.185,15.66075
0.186,18.0975
0.187,20.39175
0.188,21.07575
0.189,20.73375
0.19,23.94
0.191,22.401
0.192,23.58375
0.193,27.2745
0.194,29.4975
0.195,32.07675
0.196,34.656
0.197,36.95025
0.198,39.31575
0.199,43.6335
0.2,40.2135
0.201,41.4675
0.202,38.88825
0.203,37.43475
0.204,35.06925
0.205,29.36925
0.206,25.251
0.207,21.21825
0.208,19.6935
0.209,16.8435
0.21,17.043
0.211,13.4292
0.212,14.478
0.213,11.1321
0.214,10.57635
0.215,15.51825
0.216,16.701
0.217,17.8125
0.218,24.35325
0.219,24.909
0.22,27.83025
0.221,32.9745
0.222,32.9745
0.223,35.4825
0.224,34.72725
0.225,37.77675
0.226,37.57725
0.227,36.66525
0.228,36.66525
0.229,33.8865
0.23,35.55375
0.231,34.656
0.232,31.79175
0.233,33.744
0.234,32.9745
0.235,29.36925
0.236,27.9015
0.237,27.132
0.238,25.3935
0.239,26.43375
0.24,23.1705
0.241,22.8285
0.242,23.58375
0.243,23.38425
0.244,23.58375
0.245,25.0515
0.246,27.83025
0.247,29.71125
0.248,32.0055
0.249,34.15725
0.25,35.21175
0.251,34.656
0.252,37.77675
0.253,35.83875
0.254,35.34
0.255,35.21175
0.256,31.79175
0.257,31.521
0.258,32.49
0.259,32.21925
0.26,32.21925
0.261,32.21925
0.262,32.21925
0.263,32.21925
0.264,32.21925
0.265,32.0055
0.266,30.7515
0.267,30.552
0.268,26.79
0.269,25.32225
0.27,26.37675
0.271,25.821
0.272,28.59975
0.273,29.982
0.274,32.36175
0.275,35.967
0.276,39.80025
0.277,43.27725
0.278,40.2135
0.279,38.2755
0.28,39.94275
0.281,36.46575
0.282,37.57725
0.283,34.15725
0.284,35.55375
0.285,34.92675
0.286,34.72725
0.287,34.72725
0.288,34.998
0.289,36.46575
0.29,39.5865
0.291,43.6335
0.292,40.2135
0.293,37.9905
0.294,37.0215
0.295,37.77675
0.296,35.34
0.297,32.21925
0.298,30.7515
0.299,31.79175
0.3,32.0055
0.301,35.06925
0.302,35.21175
0.303,34.371
0.304,34.72725
0.305,34.92675
0.306,37.77675
0.307,36.1095
0.308,36.66525
0.309,36.95025
0.31,36.66525
0.311,36.1095
0.312,33.6015
0.313,36.46575
0.314,37.57725
0.315,36.66525
0.316,37.221
0.317,40.014
0.318,40.983
0.319,40.2135
0.32,43.833
0.321,43.0065
0.322,46.55475
0.323,45.2295
0.324,45.999
0.325,48.849
0.326,46.683
0.327,48.564
0.328,42.65025
0.329,41.4675
0.33,39.45825
0.331,37.14975
0.332,35.1405
0.333,34.2285
0.334,34.998
0.335,34.92675
0.336,37.77675
0.337,36.3945
0.338,39.80025
0.339,38.475
0.34,41.61
0.341,42.50775
0.342,40.2135
0.343,38.2755
0.344,39.94275
0.345,38.68875
0.346,35.625
0.347,38.6175
0.348,40.983
0.349,42.65025
0.35,44.9445
0.351,47.31
0.352,49.60425
0.353,49.40475
0.354,53.1525
0.355,50.37375
0.356,48.0795
0.357,46.341
0.358,43.6905
0.359,40.76925
0.36,35.625
0.361,37.43475
0.362,33.5445
0.363,37.43475
0.364,36.1095
0.365,43.0635
0.366,40.2135
0.367,44.38875
0.368,46.26975
0.369,47.937
0.37,48.92025
0.371,48.00825
0.372,48.3645
0.373,48.00825
0.374,46.683
0.375,45.2295
0.376,46.341
0.377,46.12725
0.378,46.12725
0.379,48.7065
0.38,47.03925
0.381,47.86575
0.382,50.9295
0.383,46.75425
0.384,48.7065
0.385,45.372
0.386,43.6905
0.387,41.7525
0.388,41.952
0.389,37.9905
0.39,36.52275
0.391,38.6175
0.392,38.475
0.393,41.88075
0.394,43.90425
0.395,48.77775
0.396,49.26225
0.397,52.041
0.398,54.62025
0.399,56.2875
0.4,53.85075
0.401,54.33525
0.402,51.28575
0.403,52.4685
0.404,49.476
0.405,51.14325
0.406,50.85825
0.407,50.85825
0.408,50.85825
0.409,50.85825
0.41,50.85825
0.411,50.85825
0.412,50.51625
0.413,49.88925
0.414,46.8255
0.415,45.372
0.416,44.24625
0.417,47.595
0.418,42.65025
0.419,44.38875
0.42,44.38875
0.421,47.595
0.422,44.87325
0.423,47.4525
0.424,50.85825
0.425,52.8105
0.426,54.834
0.427,54.0645
0.428,57.399
0.429,58.026
0.43,55.803
0.431,53.58
0.432,55.176
0.433,54.33525
0.434,51.28575
0.435,49.88925
0.436,48.849
0.437,50.103
0.438,50.3025
0.439,50.5875
0.44,53.295
0.441,51.62775
0.442,52.11225
0.443,52.59675
0.444,55.518
0.445,56.088
0.446,53.85075
0.447,54.13575
0.448,51.5565
0.449,52.88175
0.45,49.88925
0.451,52.4685
0.452,51.91275
0.453,52.1835
0.454,53.02425
0.455,54.834
0.456,57.61275
0.457,56.5725
0.458,59.907
0.459,60.46275
0.46,58.026
0.461,55.6605
0.462,54.4065
0.463,55.176
0.464,51.5565
0.465,52.4685
0.466,49.476
0.467,51.14325
0.468,51.072
0.469,52.4685
0.47,55.38975
0.471,57.32775
0.472,59.28
0.473,58.5105
0.474,59.35125
0.475,59.63625
0.476,59.35125
0.477,56.2875
0.478,54.834
0.479,55.38975
0.48,51.77025
0.481,53.1525
0.482,55.518
0.483,53.85075
0.484,56.9145
0.485,55.87425
0.486,59.20875
0.487,58.09725
0.488,59.20875
0.489,64.42425
0.49,60.3915
0.491,58.026
0.492,59.907
0.493,59.63625
0.494,59.35125
0.495,58.86675
0.496,58.653
0.497,58.653
0.498,58.938
0.499,59.4225
0.5,59.907
0.501,63.5265
0.502,60.3915
0.503,61.788
0.504,62.05875
0.505,64.011
0.506,60.3915
0.507,58.09725
0.508,59.20875
0.509,55.87425
0.51,54.76275
0.511,54.549
0.512,55.518
0.513,55.3185
0.514,57.5415
0.515,55.6605
0.516,58.72425
0.517,57.8835
0.518,62.20125
0.519,66.3765
0.52,65.4075
0.521,67.35975
0.522,65.1225
0.523,65.7495
0.524,65.47875
0.525,64.99425
0.526,62.48625
0.527,64.42425
0.528,61.85925
0.529,63.8115
0.53,64.08225
0.531,66.6615
0.532,64.70925
0.533,64.70925
0.534,62.48625
0.535,66.6615
0.536,60.94725
0.537,61.57425
0.538,62.13
0.539,58.72425
0.54,59.83575
0.541,58.72425
0.542,55.73175
0.543,59.907
0.544,57.95475
0.545,60.94725
0.546,62.415
0.547,64.70925
0.548,67.488
0.549,72.0195
0.55,67.6305
0.551,72.57525
0.552,69.8535
0.553,70.06725
0.554,64.7805
0.555,66.177
0.556,66.30525
0.557,65.47875
0.558,64.99425
0.559,64.70925
0.56,64.99425
0.561,65.47875
0.562,68.5425
0.563,69.58275
0.564,67.773
0.565,70.7655
0.566,65.55
0.567,66.59025
0.568,60.3915
0.569,61.57425
0.57,62.13
0.571,61.503
0.572,62.48625
0.573,62.48625
0.574,64.011
0.575,70.7655
0.576,67.773
0.577,72.57525
0.578,71.25
0.579,72.3615
0.58,73.2735
0.581,75.56775
0.582,72.219
0.583,69.29775
0.584,67.84425
0.585,68.5425
0.586,67.55925
0.587,67.21725
0.588,67.55925
0.589,68.115
0.59,70.908
0.591,69.027
0.592,67.07475
0.593,72.57525
0.594,69.8535
0.595,70.35225
0.596,67.488
0.597,68.5425
0.598,67.55925
0.599,64.7805
0.6,66.73275
0.601,68.95575
0.602,64.85175
0.603,70.623
0.604,67.773
0.605,70.35225
0.606,73.131
0.607,74.2425
0.608,72.219
0.609,75.56775
0.61,73.54425
0.611,71.32125
0.612,73.2735
0.613,72.77475
0.614,69.78225
0.615,70.908
0.616,67.84425
0.617,70.35225
0.618,70.06725
0.619,72.91725
0.62,71.66325
0.621,72.43275
0.622,73.20225
0.623,77.16375
0.624,74.51325
0.625,77.7195
0.626,72.29025
0.627,74.94075
0.628,71.32125
0.629,72.77475
0.63,69.78225
0.631,70.908
0.632,68.115
0.633,72.57525
0.634,72.09075
0.635,71.25
0.636,71.94825
0.637,74.65575
0.638,72.219
0.639,75.56775
0.64,71.592
0.641,77.16375
0.642,74.51325
0.643,74.8695
0.644,74.5845
0.645,73.9575
0.646,73.54425
0.647,73.54425
0.648,71.592
0.649,77.16375
0.65,76.7505
0.651,76.1235
0.652,77.16375
0.653,80.01375
0.654,78.41775
0.655,78.75975
0.656,78.75975
0.657,78.75975
0.658,76.19475
0.659,77.3775
0.66,71.66325
0.661,74.94075
0.662,71.32125
0.663,72.77475
0.664,72.57525
0.665,72.57525
0.666,73.20225
0.667,74.94075
0.668,77.7195
0.669,79.04475
0.67,79.3155
0.671,78.6885
0.672,79.52925
0.673,79.743
0.674,79.743
0.675,79.458
0.676,78.9735
0.677,78.75975
0.678,78.75975
0.679,78.75975
0.68,78.9735
0.681,79.458
0.682,82.23675
0.683,80.49825
0.684,80.78325
0.685,80.78325
0.686,78.3465
0.687,80.01375
0.688,79.52925
0.689,78.6885
0.69,77.0925
0.691,77.16375
0.692,76.53675
0.693,76.266
0.694,76.266
0.695,76.53675
0.696,79.38675
0.697,78.07575
0.698,81.75225
0.699,83.14875
0.7,83.63325
0.701,83.14875
0.702,83.847
0.703,84.11775
0.704,84.11775
0.705,83.847
0.706,80.8545
0.707,82.23675
0.708,81.681
0.709,81.054
0.71,80.78325
0.711,81.054
0.712,81.681
0.713,84.474
0.714,82.86375
0.715,83.14875
0.716,83.14875
0.717,83.14875
0.718,80.64075
0.719,82.23675
0.72,81.41025
0.721,78.07575
0.722,79.52925
0.723,79.04475
0.724,78.9735
0.725,80.44125
0.726,80.8545
0.727,84.40275
0.728,86.14125
0.729,87.59475
0.73,88.36425
0.731,87.4665
0.732,87.73725
0.733,87.4665
0.734,86.14125
0.735,82.86375
0.736,81.4815
0.737,80.49825
0.738,82.308
0.739,81.966
0.74,81.966
0.741,82.7355
0.742,83.00625
0.743,86.62575
0.744,88.293
0.745,89.4045
0.746,88.0935
0.747,87.951
0.748,84.74475
0.749,85.85625
0.75,82.4505
0.751,83.847
0.752,83.3625
0.753,83.14875
0.754,83.3625
0.755,84.9585
0.756,85.3005
0.757,88.99125
0.758,90.459
0.759,89.13375
0.76,89.6895
0.761,89.61825
0.762,88.0935
0.763,85.22925
0.764,86.28375
0.765,82.86375
0.766,84.3315
0.767,83.847
0.768,83.63325
0.769,86.07
0.77,84.6735
0.771,86.91075
0.772,89.832
0.773,89.0625
0.774,90.174
0.775,90.459
0.776,90.459
0.777,90.174
0.778,89.6895
0.779,86.91075
0.78,88.578
0.781,88.02225
0.782,87.73725
0.783,87.73725
0.784,88.02225
0.785,90.72975
0.786,89.0625
0.787,89.61825
0.788,89.96025
0.789,89.96025
0.79,89.96025
0.791,89.96025
0.792,89.96025
0.793,89.96025
0.794,89.96025
0.795,89.96025
0.796,89.96025
0.797,89.96025
0.798,89.96025
0.799,89.96025
0.8,89.96025
0.801,90.174
0.802,92.95275
0.803,91.2855
0.804,91.84125
0.805,92.1975
0.806,92.1975
0.807,92.1975
0.808,92.1975
0.809,92.1975
0.81,91.84125
0.811,89.0625
0.812,90.72975
0.813,90.174
0.814,89.96025
0.815,89.96025
0.816,89.96025
0.817,90.174
0.818,92.95275
0.819,91.2855
0.82,92.12625
0.821,92.95275
0.822,95.6745
0.823,94.00725
0.824,94.278
0.825,94.278
0.826,94.0785
0.827,91.2855
0.828,92.95275
0.829,92.46825
0.83,92.1975
0.831,92.46825
0.832,95.19
0.833,93.72225
0.834,97.128
0.835,95.74575
0.836,96.37275
0.837,96.71475
0.838,96.37275
0.839,93.52275
0.84,94.905
0.841,91.49925
0.842,92.95275
0.843,92.46825
0.844,92.1975
0.845,92.1975
0.846,92.1975
0.847,92.46825
0.848,95.60325
0.849,96.71475
0.85,97.62675
0.851,96.786
0.852,97.62675
0.853,100.04925
0.854,97.071
0.855,94.278
0.856,95.31825
0.857,94.563
0.858,94.278
0.859,94.278
0.86,94.278
0.861,94.563
0.862,97.34175
0.863,95.74575
0.864,96.57225
0.865,98.11125
0.866,98.04
0.867,98.59575
0.868,98.73825
0.869,95.94525
0.87,97.62675
0.871,97.071
0.872,96.71475
0.873,96.71475
0.874,96.71475
0.875,96.71475
0.876,96.9285
0.877,98.11125
0.878,98.04
0.879,98.8095
0.88,101.93025
0.881,100.33425
0.882,100.548
0.883,98.11125
0.884,99.70725
0.885,98.8095
0.886,95.817
0.887,95.88825
0.888,96.9285
0.889,96.71475
0.89,96.71475
0.891,97.071
0.892,99.84975
0.893,98.1825
0.894,99.009
0.895,102.07275
0.896,101.93025
0.897,100.96125
0.898,101.232
0.899,100.96125
0.9,99.70725
0.901,99.84975
0.902,99.22275
0.903,98.93775
0.904,98.93775
0.905,98.93775
0.906,99.22275
0.907,102.07275
0.908,100.67625
0.909,104.025
0.91,104.09625
0.911,103.2555
0.912,103.5405
0.913,103.5405
0.914,103.2555
0.915,100.47675
0.916,101.802
0.917,100.89
0.918,97.96875
0.919,99.636
0.92,99.4365
0.921,99.4365
0.922,101.93025
0.923,100.61925
0.924,104.29575
0.925,105.54975
0.926,104.29575
0.927,105.279
0.928,106.533
0.929,102.429
0.93,104.09625
0.931,100.67625
0.932,102.07275
0.933,101.517
0.934,101.232
0.935,101.232
0.936,101.44575
0.937,102.771
0.938,102.98475
0.939,106.31925
0.94,106.533
0.941,105.4785
0.942,105.7635
0.943,105.4785
0.944,104.29575
0.945,104.09625
0.946,100.7475
0.947,100.548
0.948,101.44575
0.949,101.517
0.95,104.29575
0.951,102.69975
0.952,103.61175
0.953,106.59
0.954,105.279
0.955,108.6135
0.956,108.82725
0.957,107.502
0.958,106.59
0.959,105.06525
0.96,106.03425
0.961,105.4785
0.962,104.29575
0.963,104.367
0.964,104.1675
0.965,106.59
0.966,106.533
0.967,105.4785
0.968,105.7635
0.969,105.7635
0.97,106.03425
0.971,107.28825
0.972,108.82725
0.973,104.72325
0.974,106.66125
0.975,106.03425
0.976,105.7635
0.977,105.7635
0.978,105.7635
0.979,105.7635
0.98,105.7635
0.981,106.03425
0.982,108.8985
0.983,107.217
0.984,107.844
0.985,108.129
0.986,108.129
0.987,108.129
0.988,108.129
0.989,108.129
0.99,107.844
0.991,107.57325
0.992,107.28825
0.993,107.0175
0.994,107.28825
0.995,107.57325
0.996,107.844
0.997,108.129
0.998,108.471
0.999,113.27325
1,107.08875
1,111.948
1,109.31175
1,110.28075
1,110.56575
1.01,110.56575
1.01,110.56575
1.01,112.518
1.01,107.08875
1.01,107.502
1.01,108.471
1.01,108.129
1.01,108.471
1.01,111.948
1.01,109.31175
1.02,110.28075
1.02,110.56575
1.02,110.56575
1.02,110.56575
1.02,110.56575
1.02,110.56575
1.02,110.56575
1.02,110.56575
1.02,110.56575
1.02,110.56575
1.03,110.56575
1.03,110.56575
1.03,110.56575
1.03,110.70825
1.03,111.81975
1.03,111.67725
1.03,112.16175
1.03,112.7175
1.03,114.114
1.03,115.43925
1.04,111.39225
1.04,113.13075
1.04,112.0905
1.04,109.098
1.04,110.8365
1.04,110.56575
1.04,110.56575
1.04,110.56575
1.04,110.56575
1.04,110.70825
1.05,111.81975
1.05,112.233
1.05,115.2255
1.05,113.90025
1.05,114.18525
1.05,114.18525
1.05,111.67725
1.05,113.3445
1.05,112.7175
1.05,112.44675
1.06,112.44675
1.06,112.44675
1.06,112.44675
1.06,112.7175
1.06,114.114
1.06,115.43925
1.06,114.456
1.06,114.81225
1.06,114.81225
1.06,114.81225
1.07,114.456
1.07,113.202
1.07,111.891
1.07,112.7175
1.07,112.44675
1.07,112.44675
1.07,112.7175
1.07,115.5675
1.07,113.90025
1.07,114.456
1.08,115.083
1.08,117.86175
1.08,116.26575
1.08,116.89275
1.08,116.89275
1.08,115.63875
1.08,114.18525
1.08,115.083
1.08,114.81225
1.08,114.81225
1.09,114.81225
1.09,114.81225
1.09,114.81225
1.09,115.083
1.09,116.40825
1.09,117.86175
1.09,116.89275
1.09,117.17775
1.09,117.17775
1.09,117.17775
1.1,117.17775
1.1,117.17775
1.1,116.89275
1.1,115.63875
1.1,114.18525
1.1,115.083
1.1,114.81225
1.1,115.083
1.1,116.40825
1.1,117.86175
1.11,116.89275
1.11,117.4485
1.11,120.99675
1.11,118.0755
1.11,118.56
1.11,118.845
1.11,120.79725
1.11,115.8525
1.11,116.55075
1.11,117.4485
1.12,117.17775
1.12,117.17775
1.12,117.17775
1.12,117.17775
1.12,119.6715
1.12,118.00425
1.12,118.56
1.12,119.187
1.12,119.472
1.12,119.472
1.13,119.472
1.13,119.472
1.13,119.472
1.13,119.472
1.13,119.187
1.13,116.679
1.13,118.77375
1.13,118.91625
1.13,119.187
1.13,119.472
1.14,121.98
1.14,120.2985
1.14,120.85425
1.14,121.42425
1.14,121.42425
1.14,120.17025
1.14,118.7025
1.14,119.40075
1.14,118.845
1.14,118.845
1.15,118.845
1.15,119.187
1.15,121.98
1.15,120.2985
1.15,120.85425
1.15,121.42425
1.15,121.695
1.15,121.695
1.15,121.695
1.15,121.695
1.16,121.695
1.16,121.695
1.16,121.695
1.16,121.42425
1.16,121.2105
1.16,121.2105
1.16,121.2105
1.16,121.42425
1.16,121.695
1.16,121.695
1.17,121.695
1.17,121.695
1.17,121.695
1.17,124.203
1.17,122.4645
1.17,124.4025
1.17,122.8065
1.17,120.2985
1.17,121.98
1.17,121.695
1.18,121.695
1.18,121.695
1.18,124.203
1.18,122.53575
1.18,123.0915
1.18,123.576
1.18,123.84675
1.18,123.84675
1.18,124.13175
1.18,124.47375
1.19,124.47375
1.19,124.47375
1.19,124.13175
1.19,123.84675
1.19,123.84675
1.19,123.576
1.19,123.36225
1.19,123.36225
1.19,123.36225
1.19,123.576
1.2,123.84675
1.2,123.84675
1.2,123.84675
1.2,123.84675
1.2,123.84675
1.2,123.84675
1.2,124.13175
1.2,124.47375
1.2,124.47375
1.2,124.47375
1.21,124.13175
1.21,123.84675
1.21,123.84675
1.21,126.35475
1.21,124.75875
1.21,126.768
1.21,125.9415
1.21,126.49725
1.21,129.00525
1.21,126.711
1.22,126.768
1.22,126.49725
1.22,126.21225
1.22,125.9415
1.22,125.3145
1.22,122.53575
1.22,124.13175
1.22,123.84675
1.22,126.35475
1.22,124.75875
1.23,125.3145
1.23,128.4495
1.23,126.98175
1.23,128.934
1.23,127.95075
1.23,127.95075
1.23,127.46625
1.23,124.6875
1.23,126.426
1.23,126.21225
1.24,126.21225
1.24,126.21225
1.24,126.21225
1.24,126.21225
1.24,126.21225
1.24,128.72025
1.24,126.98175
1.24,128.934
1.24,127.95075
1.24,128.23575
1.25,128.23575
1.25,128.23575
1.25,128.23575
1.25,128.23575
1.25,128.23575
1.25,127.95075
1.25,127.68
1.25,127.68
1.25,127.68
1.25,127.95075
1.26,130.74375
1.26,129.14775
1.26,131.71275
1.26,127.26675
1.26,131.99775
1.26,129.48975
1.26,132.411
1.26,127.26675
1.26,127.5375
1.26,128.57775
1.27,128.23575
1.27,128.23575
1.27,128.23575
1.27,128.23575
1.27,128.23575
1.27,128.23575
1.27,130.74375
1.27,129.14775
1.27,129.7605
1.27,130.3875
1.28,130.74375
1.28,130.74375
1.28,130.74375
1.28,130.74375
1.28,130.74375
1.28,130.3875
1.28,130.0455
1.28,129.7035
1.28,129.34725
1.28,129.7035
1.29,130.0455
1.29,130.3875
1.29,130.74375
1.29,130.74375
1.29,130.74375
1.29,130.74375
1.29,130.74375
1.29,130.74375
1.29,130.74375
1.29,130.74375
1.3,130.74375
1.3,130.74375
1.3,130.74375
1.3,130.74375
1.3,130.74375
1.3,131.0145
1.3,134.292
1.3,131.51325
1.3,132.753
1.3,133.10925
1.31,133.10925
1.31,133.10925
1.31,133.10925
1.31,133.10925
1.31,134.99025
1.31,129.276
1.31,129.83175
1.31,131.0145
1.31,130.74375
1.31,130.74375
1.32,133.30875
1.32,131.6415
1.32,132.2685
1.32,132.82425
1.32,133.10925
1.32,133.10925
1.32,133.10925
1.32,133.10925
1.32,133.10925
1.32,133.10925
1.33,134.99025
1.33,129.276
1.33,132.069
1.33,131.9265
1.33,132.2685
1.33,135.33225
1.33,136.10175
1.33,133.665
1.33,134.919
1.33,135.18975
1.34,137.142
1.34,133.665
1.34,131.6415
1.34,133.38
1.34,133.10925
1.34,133.10925
1.34,133.10925
1.34,133.10925
1.34,133.10925
1.34,135.61725
1.35,136.10175
1.35,133.665
1.35,134.919
1.35,135.18975
1.35,135.18975
1.35,135.18975
1.35,135.18975
1.35,135.18975
1.35,135.18975
1.35,134.919
1.36,134.36325
1.36,131.9265
1.36,136.9995
1.36,133.665
1.36,134.919
1.36,135.18975
1.36,137.69775
1.36,135.81675
1.36,136.10175
1.36,136.44375
1.37,136.10175
1.37,133.59375
1.37,135.47475
1.37,135.18975
1.37,135.18975
1.37,135.18975
1.37,135.18975
1.37,135.18975
1.37,135.18975
1.37,135.18975
1.38,135.18975
1.38,135.4035
1.38,138.95175
1.38,135.81675
1.38,137.21325
1.38,137.484
1.38,137.484
1.38,137.484
1.38,137.484
1.38,137.484
1.39,137.21325
1.39,134.634
1.39,138.95175
1.39,133.59375
1.39,136.72875
1.39,136.857
1.39,137.21325
1.39,137.484
1.39,137.484
1.39,137.484
1.4,139.992
1.4,138.111
1.4,138.111
1.4,138.396
1.4,140.619
1.4,138.111
1.4,135.81675
1.4,137.769
1.4,137.484
1.4,137.484
1.41,137.484
1.41,137.484
1.41,139.992
1.41,138.396
1.41,138.95175
1.41,139.5075
1.41,139.8495
1.41,139.8495
1.41,139.8495
1.41,139.5075
1.42,138.95175
1.42,136.173
1.42,137.769
1.42,137.484
1.42,137.484
1.42,139.992
1.42,138.396
1.42,138.95175
1.42,139.5075
1.42,142.28625
1.43,140.34825
1.43,142.28625
1.43,138.111
1.43,140.06325
1.43,139.8495
1.43,139.8495
1.43,139.8495
1.43,139.5075
1.43,139.23675
1.43,139.23675
1.44,139.23675
1.44,139.5075
1.44,142.28625
1.44,140.34825
1.44,140.54775
1.44,140.83275
1.44,140.54775
1.44,138.111
1.44,140.06325
1.44,139.8495
1.45,139.8495
1.45,139.8495
1.45,139.8495
1.45,139.8495
1.45,139.8495
1.45,139.8495
1.45,139.8495
1.45,142.28625
1.45,140.54775
1.45,141.03225
1.46,141.531
1.46,141.80175
1.46,141.80175
1.46,141.80175
1.46,141.531
1.46,141.03225
1.46,138.32475
1.46,140.06325
1.46,142.28625
1.46,140.54775
1.47,141.03225
1.47,141.531
1.47,141.80175
1.47,141.80175
1.47,141.80175
1.47,141.80175
1.47,141.80175
1.47,141.80175
1.47,141.80175
1.47,141.80175
1.48,141.80175
1.48,141.80175
1.48,141.80175
1.48,141.80175
1.48,141.80175
1.48,141.80175
1.48,141.80175
1.48,141.80175
1.48,144.3525
1.48,142.5
1.49,142.785
1.49,142.158
1.49,143.4975
1.49,142.785
1.49,142.785
1.49,144.3525
1.49,140.34825
1.49,142.28625
1.49,144.495
1.49,144.3525
1.5,142.5
1.5,142.785
1.5,143.07
1.5,143.64
1.5,143.925
1.5,143.925
1.5,143.925
1.5,143.925
1.5,143.925
1.5,143.925
1.51,143.64
1.51,143.07
1.51,140.34825
1.51,144.495
1.51,142.5
1.51,143.07
1.51,143.64
1.51,143.925
1.51,143.925
1.51,143.925
1.52,143.925
1.52,143.925
1.52,144.21
1.52,144.495
1.52,144.495
1.52,144.495
1.52,144.21
1.52,143.925
1.52,143.925
1.52,143.925
1.53,143.925
1.53,143.925
1.53,146.3475
1.53,144.78
1.53,145.35
1.53,145.7775
1.53,146.0625
1.53,146.0625
1.53,146.0625
1.53,145.7775
1.54,145.35
1.54,142.5
1.54,144.21
1.54,143.925
1.54,143.925
1.54,143.925
1.54,146.3475
1.54,144.78
1.54,145.35
1.54,145.7775
1.55,146.0625
1.55,145.7775
1.55,145.4925
1.55,145.4925
1.55,145.4925
1.55,145.7775
1.55,146.0625
1.55,146.0625
1.55,146.0625
1.55,146.0625
1.56,146.0625
1.56,146.0625
1.56,146.0625
1.56,146.0625
1.56,146.0625
1.56,146.0625
1.56,146.3475
1.56,146.6325
1.56,146.6325
1.56,146.6325
1.57,146.3475
1.57,146.0625
1.57,146.0625
1.57,146.0625
1.57,146.0625
1.57,146.0625
1.57,146.0625
1.57,146.3475
1.57,148.77
1.57,146.49
1.58,147.7725
1.58,147.63
1.58,147.915
1.58,148.0575
1.58,147.7725
1.58,147.4875
1.58,144.78
1.58,146.6325
1.58,146.3475
1.58,146.0625
1.59,146.0625
1.59,146.0625
1.59,146.3475
1.59,149.055
1.59,147.4875
1.59,148.0575
1.59,148.3425
1.59,148.3425
1.59,148.3425
1.59,148.3425
1.6,148.3425
1.6,148.3425
1.6,147.915
1.6,145.4925
1.6,147.7725
1.6,147.63
1.6,147.915
1.6,148.3425
1.6,148.3425
1.6,148.485
1.61,151.05
1.61,148.9125
1.61,148.77
1.61,148.485
1.61,148.3425
1.61,148.3425
1.61,148.3425
1.61,148.3425
1.61,148.3425
1.61,148.3425
1.62,148.3425
1.62,148.3425
1.62,148.485
1.62,151.335
1.62,149.625
1.62,150.195
1.62,150.6225
1.62,150.6225
1.62,150.3375
1.62,148.9125
1.63,149.055
1.63,148.485
1.63,148.3425
1.63,148.3425
1.63,148.3425
1.63,148.485
1.63,151.335
1.63,151.1925
1.63,150.3375
1.63,150.6225
1.64,150.6225
1.64,150.6225
1.64,150.6225
1.64,150.6225
1.64,150.6225
1.64,150.6225
1.64,150.6225
1.64,150.195
1.64,149.91
1.64,149.91
1.65,149.91
1.65,150.195
1.65,150.6225
1.65,150.6225
1.65,150.6225
1.65,150.6225
1.65,150.6225
1.65,150.6225
1.65,150.6225
1.65,150.6225
1.66,150.6225
1.66,150.6225
1.66,150.6225
1.66,150.6225
1.66,150.6225
1.66,150.6225
1.66,150.6225
1.66,150.6225
1.66,150.6225
1.66,150.9075
1.67,152.19
1.67,153.4725
1.67,152.0475
1.67,152.0475
1.67,151.7625
1.67,151.7625
1.67,149.1975
1.67,151.1925
1.67,150.9075
1.67,150.6225
1.68,150.6225
1.68,150.6225
1.68,150.9075
1.68,153.4725
1.68,151.4775
1.68,152.0475
1.68,152.3325
1.68,152.6175
1.68,152.9025
1.68,152.9025
1.69,152.9025
1.69,152.6175
1.69,152.0475
1.69,149.4825
1.69,152.19
1.69,151.1925
1.69,152.19
1.69,151.7625
1.69,152.0475
1.69,152.6175
1.7,152.9025
1.7,152.9025
1.7,152.9025
1.7,152.9025
1.7,152.9025
1.7,152.9025
1.7,152.9025
1.7,152.9025
1.7,152.9025
1.7,152.9025
1.71,152.9025
1.71,152.9025
1.71,152.9025
1.71,152.9025
1.71,152.9025
1.71,152.9025
1.71,152.9025
1.71,152.9025
1.71,152.9025
1.71,152.9025
1.72,152.9025
1.72,152.9025
1.72,152.9025
1.72,152.9025
1.72,152.9025
1.72,152.9025
1.72,152.9025
1.72,152.9025
1.72,155.325
1.72,153.7575
1.73,156.3225
1.73,151.62
1.73,156.8925
1.73,153.9
1.73,154.0425
1.73,151.7625
1.73,156.8925
1.73,153.9
1.73,154.0425
1.73,154.0425
1.74,156.0375
1.74,153.9
1.74,153.9
1.74,154.0425
1.74,154.3275
1.74,154.8975
1.74,155.1825
1.74,155.1825
1.74,155.1825
1.74,155.1825
1.75,155.1825
1.75,155.1825
1.75,155.1825
1.75,155.1825
1.75,155.1825
1.75,154.8975
1.75,154.6125
1.75,154.6125
1.75,154.6125
1.75,154.8975
1.76,155.1825
1.76,155.1825
1.76,155.1825
1.76,155.1825
1.76,155.1825
1.76,155.1825
1.76,155.1825
1.76,154.8975
1.76,154.6125
1.76,154.6125
1.77,154.6125
1.77,154.8975
1.77,155.1825
1.77,155.1825
1.77,155.1825
1.77,155.1825
1.77,155.1825
1.77,155.1825
1.77,155.1825
1.77,155.1825
1.78,155.1825
1.78,155.1825
1.78,155.1825
1.78,155.1825
1.78,155.1825
1.78,155.1825
1.78,155.1825
1.78,155.1825
1.78,157.7475
1.78,156.0375
1.79,156.3225
1.79,155.7525
1.79,156.75
1.79,156.3225
1.79,156.6075
1.79,157.1775
1.79,157.32
1.79,157.32
1.79,157.1775
1.79,154.3275
1.8,156.75
1.8,156.0375
1.8,156.18
1.8,156.75
1.8,156.8925
1.8,157.1775
1.8,157.32
1.8,157.32
1.8,157.32
1.8,157.32
1.81,157.32
1.81,157.32
1.81,157.1775
1.81,154.47
1.81,156.75
1.81,156.75
1.81,157.1775
1.81,157.32
1.81,157.32
1.81,157.32
1.82,157.32
1.82,157.32
1.82,157.32
1.82,157.32
1.82,157.32
1.82,157.32
1.82,157.32
1.82,157.32
1.82,157.32
1.82,157.32
1.83,157.32
1.83,157.32
1.83,157.32
1.83,157.32
1.83,157.32
1.83,157.32
1.83,157.32
1.83,157.605
1.83,162.45
1.83,155.895
1.84,158.0325
1.84,157.605
1.84,157.32
1.84,157.32
1.84,157.32
1.84,157.32
1.84,157.32
1.84,157.32
1.84,157.32
1.84,159.885
1.85,158.3175
1.85,158.8875
1.85,159.6
1.85,159.885
1.85,159.6
1.85,158.8875
1.85,156.0375
1.85,157.605
1.85,157.32
1.85,157.32
1.86,157.32
1.86,157.605
1.86,162.45
1.86,155.895
1.86,159.1725
1.86,159.1725
1.86,159.6
1.86,159.885
1.86,159.885
1.86,159.885
1.87,159.885
1.87,159.885
1.87,159.885
1.87,159.885
1.87,159.885
1.87,159.6
1.87,159.315
1.87,159.315
1.87,159.315
1.87,159.6
1.88,159.885
1.88,159.885
1.88,159.885
1.88,159.885
1.88,159.885
1.88,159.885
1.88,159.885
1.88,159.885
1.88,159.885
1.88,159.885
1.89,159.885
1.89,159.885
1.89,159.885
1.89,159.885
1.89,159.885
1.89,159.885
1.89,162.3075
1.89,160.455
1.89,160.74
1.89,162.3075
1.9,158.3175
1.9,160.17
1.9,159.885
1.9,159.885
1.9,159.885
1.9,159.885
1.9,159.885
1.9,159.885
1.9,159.885
1.9,159.885
1.91,159.885
1.91,159.885
1.91,159.885
1.91,162.3075
1.91,160.455
1.91,162.3075
1.91,160.8825
1.91,160.8825
1.91,158.175
1.91,160.3125
1.92,160.0275
1.92,162.3075
1.92,160.3125
1.92,160.0275
1.92,161.595
1.92,161.1675
1.92,161.31
1.92,161.595
1.92,161.595
1.92,161.595
1.93,161.31
1.93,159.03
1.93,161.595
1.93,162.3075
1.93,160.74
1.93,162.3075
1.93,160.455
1.93,160.74
1.93,160.8825
1.93,161.31
1.94,161.595
1.94,161.595
1.94,161.595
1.94,161.595
1.94,161.595
1.94,161.595
1.94,161.595
1.94,161.595
1.94,161.595
1.94,161.595
1.95,161.595
1.95,161.31
1.95,161.025
1.95,161.025
1.95,161.025
1.95,161.31
1.95,161.595
1.95,161.595
1.95,161.595
1.95,161.595
1.96,161.595
1.96,161.595
1.96,161.595
1.96,161.595
1.96,161.595
1.96,161.595
1.96,161.595
1.96,161.595
1.96,161.595
1.96,161.595
1.97,161.595
1.97,161.595
1.97,161.595
1.97,161.595
1.97,161.595
1.97,161.595
1.97,161.595
1.97,161.595
1.97,161.595
1.97,161.595
1.98,161.595
1.98,161.595
1.98,161.595
1.98,161.595
1.98,161.595
1.98,161.595
1.98,161.595
1.98,161.595
1.98,161.88
1.98,164.73
1.99,162.8775
1.99,162.45
1.99,160.8825
1.99,161.88
1.99,161.595
1.99,161.595
1.99,161.595
1.99,161.595
1.99,161.595
1.99,161.595
2,161.595
2,161.595
2,161.88
2,164.73
2,162.8775
2,162.45
2,163.1625
2,164.73
2,162.8775
2,160.5975
2.01,163.1625
2.01,162.45
2.01,163.1625
2.01,162.8775
2.01,163.1625
2.01,163.7325
2.01,164.0175
2.01,164.0175
2.01,164.0175
2.01,164.0175
2.02,164.0175
2.02,164.0175
2.02,164.0175
2.02,164.0175
2.02,163.7325
2.02,162.45
2.02,163.1625
2.02,162.8775
2.02,163.1625
2.02,163.7325
2.03,164.0175
2.03,164.0175
2.03,164.0175
2.03,164.0175
2.03,164.0175
2.03,164.0175
2.03,164.0175
2.03,164.0175
2.03,164.0175
2.03,164.0175
2.04,164.0175
2.04,164.0175
2.04,164.0175
2.04,164.0175
2.04,164.0175
2.04,164.0175
2.04,164.0175
2.04,164.0175
2.04,164.0175
2.04,164.0175
2.05,164.0175
2.05,164.0175
2.05,164.0175
2.05,164.0175
2.05,164.0175
2.05,164.0175
2.05,164.0175
2.05,164.0175
2.05,164.0175
2.05,164.0175
2.06,164.0175
2.06,164.0175
2.06,164.0175
2.06,164.0175
2.06,164.0175
2.06,164.0175
2.06,164.0175
2.06,164.0175
2.06,164.0175
2.06,164.0175
2.07,164.0175
2.07,164.0175
2.07,164.0175
2.07,164.0175
2.07,164.0175
2.07,164.0175
2.07,164.0175
2.07,164.0175
2.07,164.3025
2.07,164.5875
2.08,164.5875
2.08,164.5875
2.08,164.3025
2.08,164.0175
2.08,164.0175
2.08,164.0175
2.08,164.0175
2.08,164.0175
2.08,164.0175
2.08,164.3025
2.09,166.725
2.09,166.8675
2.09,164.8725
2.09,164.8725
2.09,164.8725
2.09,165.1575
2.09,162.735
2.09,164.5875
2.09,164.3025
2.09,164.0175
2.1,164.0175
2.1,166.44
2.1,164.8725
2.1,166.8675
2.1,165.4425
2.1,165.7275
2.1,165.7275
2.1,166.0125
2.1,166.2975
2.1,166.2975
2.11,166.2975
2.11,166.2975
2.11,166.2975
2.11,166.2975
2.11,166.0125
2.11,166.8675
2.11,162.5925
2.11,164.3025
2.11,164.3025
2.11,164.5875
2.12,166.8675
2.12,162.735
2.12,165.7275
2.12,166.8675
2.12,166.0125
2.12,166.2975
2.12,166.2975
2.12,166.2975
2.12,166.2975
2.12,166.2975
2.13,166.2975
2.13,166.2975
2.13,166.2975
2.13,166.2975
2.13,166.2975
2.13,166.2975
2.13,166.2975
2.13,166.2975
2.13,166.2975
2.13,166.2975
2.14,166.2975
2.14,166.2975
2.14,166.2975
2.14,166.2975
2.14,166.2975
2.14,166.2975
2.14,166.2975
2.14,166.2975
2.14,166.2975
2.14,166.2975
2.15,166.2975
2.15,166.2975
2.15,166.2975
2.15,166.2975
2.15,166.2975
2.15,166.2975
2.15,166.2975
2.15,166.2975
2.15,166.2975
2.15,166.2975
2.16,166.2975
2.16,166.2975
2.16,166.2975
2.16,166.2975
2.16,166.2975
2.16,166.2975
2.16,166.2975
2.16,166.2975
2.16,166.2975
2.16,166.2975
2.17,166.2975
2.17,166.2975
2.17,166.2975
2.17,166.2975
2.17,166.2975
2.17,166.2975
2.17,166.2975
2.17,166.2975
2.17,166.2975
2.17,166.2975
2.18,166.2975
2.18,166.2975
2.18,166.44
2.18,169.005
2.18,167.01
2.18,167.295
2.18,164.8725
2.18,166.725
2.18,166.44
2.18,166.2975
2.19,166.2975
2.19,166.2975
2.19,166.44
2.19,166.725
2.19,169.005
2.19,164.8725
2.19,170.145
2.19,167.01
2.19,168.2925
2.19,168.5775
2.2,168.5775
2.2,168.5775
2.2,168.5775
2.2,168.15
2.2,167.58
2.2,164.8725
2.2,166.44
2.2,166.2975
2.2,166.44
2.2,166.725
2.21,166.725
2.21,166.725
2.21,169.005
2.21,167.01
2.21,169.575
2.21,164.73
2.21,168.0075
2.21,168.0075
2.21,170.145
2.21,164.73
2.22,168.0075
2.22,164.8725
2.22,166.725
2.22,166.725
2.22,169.005
2.22,167.01
2.22,169.575
2.22,164.73
2.22,168.0075
2.22,168.0075
2.23,168.2925
2.23,168.5775
2.23,168.5775
2.23,168.5775
2.23,168.5775
2.23,168.15
2.23,167.865
2.23,167.865
2.23,167.865
2.23,167.865
2.24,167.58
2.24,165.1575
2.24,170.145
2.24,167.01
2.24,168.2925
2.24,168.5775
2.24,168.5775
2.24,168.5775
2.24,168.5775
2.24,168.5775
2.25,168.5775
2.25,168.5775
2.25,168.5775
2.25,168.5775
2.25,168.5775
2.25,168.5775
2.25,168.5775
2.25,168.5775
2.25,168.5775
2.25,168.5775
2.26,168.5775
2.26,168.5775
2.26,168.5775
2.26,168.5775
2.26,168.5775
2.26,168.5775
2.26,168.5775
2.26,168.5775
2.26,168.5775
2.26,168.5775
2.27,168.5775
2.27,168.5775
2.27,168.5775
2.27,168.5775
2.27,168.5775
2.27,168.5775
2.27,168.5775
2.27,168.5775
2.27,168.5775
2.27,168.5775
2.28,168.5775
2.28,168.5775
2.28,168.5775
2.28,168.5775
2.28,168.5775
2.28,168.5775
2.28,168.5775
2.28,168.5775
2.28,168.5775
2.28,168.5775
2.29,168.5775
2.29,168.5775
2.29,168.5775
2.29,168.5775
2.29,168.5775
2.29,168.5775
2.29,168.5775
2.29,168.5775
2.29,168.5775
2.29,168.5775
2.3,168.5775
2.3,168.5775
2.3,168.5775
2.3,168.5775
2.3,168.5775
2.3,168.5775
2.3,168.5775
2.3,168.5775
2.3,168.5775
2.3,168.5775
2.31,168.5775
2.31,168.5775
2.31,168.5775
2.31,168.5775
2.31,168.5775
2.31,168.5775
2.31,168.5775
2.31,168.5775
2.31,168.5775
2.31,168.5775
2.32,168.5775
2.32,168.5775
2.32,168.5775
2.32,168.5775
2.32,168.5775
2.32,168.5775
2.32,168.5775
2.32,168.5775
2.32,168.5775
2.32,168.5775
2.33,168.5775
2.33,168.5775
2.33,168.5775
2.33,168.5775
2.33,168.5775
2.33,168.5775
2.33,168.5775
2.33,168.5775
2.33,168.5775
2.33,168.5775
2.34,168.5775
2.34,168.5775
2.34,168.5775
2.34,168.5775
2.34,168.5775
2.34,168.5775
2.34,168.5775
2.34,168.5775
2.34,168.5775
2.34,168.72
2.35,171.1425
2.35,168.72
2.35,169.005
2.35,168.72
2.35,168.5775
2.35,168.5775
2.35,168.5775
2.35,168.5775
2.35,168.5775
2.35,168.5775
2.36,168.5775
2.36,168.72
2.36,171.1425
2.36,171
2.36,169.29
2.36,169.4325
2.36,169.86
2.36,170.145
2.36,170.145
2.36,170.145
2.37,169.86
2.37,168.72
2.37,170.0025
2.37,167.01
2.37,169.1475
2.37,169.1475
2.37,169.1475
2.37,171.285
2.37,169.29
2.37,169.7175
2.38,169.29
2.38,169.29
2.38,169.29
2.38,171
2.38,169.29
2.38,169.4325
2.38,169.4325
2.38,168.72
2.38,170.0025
2.38,167.01
2.39,169.1475
2.39,169.1475
2.39,171.285
2.39,169.29
2.39,169.86
2.39,170.2875
2.39,170.5725
2.39,170.2875
2.39,169.86
2.39,167.01
2.4,171.285
2.4,169.29
2.4,169.4325
2.4,171
2.4,167.01
2.4,168.72
2.4,168.5775
2.4,168.5775
2.4,171
2.4,169.29
2.41,169.86
2.41,170.145
2.41,169.86
2.41,167.01
2.41,169.1475
2.41,171.285
2.41,169.29
2.41,169.86
2.41,170.145
2.41,170.2875
2.42,170.2875
2.42,167.7225
2.42,170.0025
2.42,171
2.42,169.29
2.42,169.4325
2.42,169.86
2.42,170.2875
2.42,170.5725
2.42,170.5725
2.43,170.5725
2.43,170.5725
2.43,170.5725
2.43,170.2875
2.43,170.145
2.43,169.86
2.43,169.29
2.43,167.01
2.43,170.0025
2.43,169.7175
2.44,170.2875
2.44,170.5725
2.44,170.5725
2.44,170.5725
2.44,170.5725
2.44,170.2875
2.44,170.145
2.44,169.86
2.44,169.7175
2.44,169.86
2.45,170.145
2.45,170.145
2.45,170.145
2.45,170.145
2.45,170.145
2.45,170.2875
2.45,170.5725
2.45,170.5725
2.45,170.5725
2.45,170.5725
2.46,170.2875
2.46,167.7225
2.46,170.0025
2.46,170.0025
2.46,170.2875
2.46,170.2875
2.46,170.145
2.46,170.145
2.46,170.145
2.46,170.2875
2.47,170.5725
2.47,170.5725
2.47,170.5725
2.47,170.5725
2.47,170.5725
2.47,170.2875
2.47,170.145
2.47,170.145
2.47,170.145
2.47,170.2875
2.48,170.2875
2.48,167.7225
2.48,170.0025
2.48,170.0025
2.48,170.2875
2.48,170.5725
2.48,170.5725
2.48,170.2875
2.48,170.145
2.48,170.145
2.49,170.145
2.49,170.145
2.49,170.145
2.49,170.145
2.49,170.145
2.49,170.2875
2.49,170.5725
2.49,170.5725
2.49,170.5725
2.49,170.5725
2.5,170.5725
2.5,170.5725
2.5,170.5725
2.5,170.5725
2.5,170.5725
2.5,170.5725
2.5,170.5725
2.5,170.2875
2.5,169.86
2.5,167.295
2.51,170.0025
2.51,169.7175
2.51,170.2875
2.51,170.5725
2.51,170.5725
2.51,170.5725
2.51,170.5725
2.51,170.5725
2.51,170.5725
2.51,170.5725
2.52,170.5725
2.52,170.5725
2.52,170.5725
2.52,170.5725
2.52,170.5725
2.52,170.5725
2.52,170.5725
2.52,170.5725
2.52,170.5725
2.52,170.5725
2.53,170.5725
2.53,170.5725
2.53,170.5725
2.53,170.5725
2.53,170.5725
2.53,170.5725
2.53,170.5725
2.53,170.5725
2.53,170.5725
2.53,170.2875
2.54,169.86
2.54,167.295
2.54,170.0025
2.54,169.7175
2.54,170.2875
2.54,170.5725
2.54,170.5725
2.54,170.5725
2.54,170.5725
2.54,170.5725
2.55,170.5725
2.55,170.5725
2.55,170.5725
2.55,170.5725
2.55,170.5725
2.55,170.5725
2.55,170.5725
2.55,170.5725
2.55,170.5725
2.55,170.5725
2.56,170.5725
2.56,170.5725
2.56,170.5725
2.56,170.5725
2.56,170.5725
2.56,170.5725
2.56,170.5725
2.56,170.5725
2.56,170.5725
2.56,170.2875
2.57,170.145
2.57,170.145
2.57,170.145
2.57,170.2875
2.57,170.5725
2.57,170.5725
2.57,170.5725
2.57,170.5725
2.57,170.5725
2.57,170.5725
2.58,170.2875
2.58,167.7225
2.58,170.0025
2.58,168.72
2.58,170.0025
2.58,170.0025
2.58,170.2875
2.58,170.5725
2.58,170.5725
2.58,170.5725
2.59,170.2875
2.59,167.7225
2.59,170.0025
2.59,170.0025
2.59,170.2875
2.59,170.5725
2.59,170.5725
2.59,170.2875
2.59,170.145
2.59,170.145
2.6,170.145
2.6,170.2875
2.6,170.5725
2.6,170.5725
2.6,170.5725
2.6,170.5725
2.6,170.5725
2.6,170.5725
2.6,170.5725
2.6,170.5725
2.61,170.5725
2.61,170.5725
2.61,170.5725
2.61,170.5725
2.61,170.5725
2.61,170.5725
2.61,170.5725
2.61,170.5725
2.61,170.5725
2.61,170.5725
2.62,170.5725
2.62,170.5725
2.62,170.5725
2.62,170.5725
2.62,170.5725
2.62,170.5725
2.62,170.5725
2.62,170.5725
2.62,170.5725
2.62,170.5725
2.63,170.2875
2.63,167.4375
2.63,170.0025
2.63,169.4325
2.63,169.86
2.63,170.2875
2.63,170.5725
2.63,170.5725
2.63,170.5725
2.63,170.5725
2.64,170.5725
2.64,170.5725
2.64,170.5725
2.64,170.5725
2.64,170.5725
2.64,170.2875
2.64,170.145
2.64,170.145
2.64,170.145
2.64,170.2875
2.65,170.5725
2.65,170.5725
2.65,170.5725
2.65,170.5725
2.65,170.5725
2.65,170.5725
2.65,170.5725
2.65,170.5725
2.65,170.5725
2.65,170.5725
2.66,170.5725
2.66,170.5725
2.66,170.5725
2.66,170.5725
2.66,170.5725
2.66,170.5725
2.66,170.5725
2.66,170.5725
2.66,170.5725
2.66,170.5725
2.67,170.5725
2.67,170.5725
2.67,170.5725
2.67,170.5725
2.67,170.5725
2.67,170.5725
2.67,170.5725
2.67,170.5725
2.67,170.5725
2.67,170.5725
2.68,170.5725
2.68,170.5725
2.68,170.5725
2.68,170.5725
2.68,170.5725
2.68,170.5725
2.68,170.5725
2.68,170.2875
2.68,170.145
2.68,170.145
2.69,170.145
2.69,170.145
2.69,170.145
2.69,170.145
2.69,170.145
2.69,170.2875
2.69,170.5725
2.69,170.5725
2.69,170.5725
2.69,170.5725
2.7,170.5725
2.7,170.5725
2.7,170.5725
2.7,170.2875
2.7,170.145
2.7,170.145
2.7,170.145
2.7,170.2875
2.7,170.5725
2.7,170.5725
2.71,170.5725
2.71,170.5725
2.71,170.5725
2.71,170.5725
2.71,170.5725
2.71,170.2875
2.71,170.145
2.71,170.145
2.71,170.145
2.71,170.145
2.72,170.145
2.72,170.145
2.72,170.145
2.72,170.2875
2.72,170.2875
2.72,167.7225
2.72,170.0025
2.72,170.0025
2.72,170.2875
2.72,170.5725
2.73,170.5725
2.73,170.5725
2.73,170.5725
2.73,170.5725
2.73,170.5725
2.73,170.2875
2.73,170.145
2.73,170.145
2.73,170.145
2.73,170.2875
2.74,170.5725
2.74,170.5725
2.74,170.5725
2.74,170.5725
2.74,170.5725
2.74,170.5725
2.74,170.5725
2.74,170.5725
2.74,170.2875
2.74,167.7225
2.75,170.0025
2.75,169.7175
2.75,169.86
2.75,169.86
2.75,169.7175
2.75,169.86
2.75,170.145
2.75,170.145
2.75,170.145
2.75,169.86
2.76,167.1525
2.76,169.1475
2.76,169.1475
2.76,169.1475
2.76,171.285
2.76,167.01
2.76,170.0025
2.76,171
2.76,169.86
2.76,170.145
2.77,169.86
2.77,168.72
2.77,170.0025
2.77,169.4325
2.77,169.86
2.77,170.145
2.77,170.145
2.77,169.86
2.77,167.1525
2.77,169.1475
2.78,168.8625
2.78,168.72
2.78,171.1425
2.78,168.72
2.78,169.005
2.78,168.72
2.78,168.8625
2.78,171.285
2.78,169.29
2.78,169.86
2.79,169.86
2.79,171
2.79,167.01
2.79,171.1425
2.79,169.29
2.79,171
2.79,169.86
2.79,169.86
2.79,167.1525
2.79,169.1475
2.8,169.1475
2.8,169.1475
2.8,169.1475
2.8,169.1475
2.8,168.8625
2.8,168.5775
2.8,171
2.8,169.29
2.8,169.4325
2.8,171
2.81,167.01
2.81,168.72
2.81,168.5775
2.81,168.5775
2.81,168.5775
2.81,168.5775
2.81,168.5775
2.81,168.72
2.81,171.1425
2.81,168.72
2.82,169.005
2.82,168.72
2.82,168.5775
2.82,168.5775
2.82,168.5775
2.82,168.5775
2.82,168.8625
2.82,169.1475
2.82,169.1475
2.82,169.1475
2.83,168.8625
2.83,168.5775
2.83,168.5775
2.83,168.5775
2.83,168.5775
2.83,168.5775
2.83,168.5775
2.83,168.5775
2.83,168.5775
2.83,168.5775
2.84,168.5775
2.84,168.5775
2.84,168.8625
2.84,171.285
2.84,169.29
2.84,169.7175
2.84,167.1525
2.84,169.1475
2.84,168.8625
2.84,168.72
2.85,171.1425
2.85,168.72
2.85,169.005
2.85,168.72
2.85,168.5775
2.85,168.5775
2.85,168.5775
2.85,168.5775
2.85,168.5775
2.85,168.5775
2.86,168.5775
2.86,168.5775
2.86,168.5775
2.86,168.5775
2.86,168.5775
2.86,168.5775
2.86,168.5775
2.86,168.5775
2.86,168.5775
2.86,168.5775
2.87,168.5775
2.87,168.5775
2.87,168.5775
2.87,168.5775
2.87,168.5775
2.87,168.5775
2.87,168.5775
2.87,168.5775
2.87,168.8625
2.87,171.285
2.88,169.29
2.88,169.7175
2.88,167.1525
2.88,169.1475
2.88,168.8625
2.88,168.5775
2.88,168.5775
2.88,168.5775
2.88,168.5775
2.88,168.5775
2.89,168.5775
2.89,168.5775
2.89,168.5775
2.89,168.5775
2.89,168.5775
2.89,168.5775
2.89,168.5775
2.89,168.5775
2.89,168.5775
2.89,168.5775
2.9,168.5775
2.9,168.5775
2.9,168.5775
2.9,168.5775
2.9,168.5775
2.9,168.5775
2.9,168.5775
2.9,168.5775
2.9,168.5775
2.9,168.5775
2.91,168.5775
2.91,168.5775
2.91,168.5775
2.91,168.5775
2.91,168.5775
2.91,168.5775
2.91,168.5775
2.91,168.5775
2.91,168.5775
2.91,168.5775
2.92,168.5775
2.92,168.5775
2.92,168.5775
2.92,168.5775
2.92,168.5775
2.92,168.5775
2.92,168.5775
2.92,168.5775
2.92,168.5775
2.92,168.5775
2.93,168.5775
2.93,168.5775
2.93,168.5775
2.93,168.5775
2.93,168.5775
2.93,168.5775
2.93,168.5775
2.93,168.5775
2.93,168.5775
2.93,168.5775
2.94,168.2925
2.94,165.7275
2.94,168.0075
2.94,168.0075
2.94,168.2925
2.94,168.5775
2.94,168.5775
2.94,168.5775
2.94,168.5775
2.94,168.5775
2.95,168.5775
2.95,168.5775
2.95,168.5775
2.95,168.5775
2.95,168.5775
2.95,168.5775
2.95,168.5775
2.95,168.5775
2.95,168.5775
2.95,168.5775
2.96,168.2925
2.96,165.7275
2.96,168.0075
2.96,168.0075
2.96,168.2925
2.96,168.5775
2.96,168.5775
2.96,168.5775
2.96,168.5775
2.96,168.5775
2.97,168.5775
2.97,168.5775
2.97,168.5775
2.97,168.5775
2.97,168.5775
2.97,168.5775
2.97,168.5775
2.97,168.5775
2.97,168.5775
2.97,168.5775
2.98,168.5775
2.98,168.5775
2.98,168.5775
2.98,168.5775
2.98,168.5775
2.98,168.5775
2.98,168.5775
2.98,168.15
2.98,167.58
2.98,167.4375
2.99,169.29
2.99,167.01
2.99,167.1525
2.99,167.4375
2.99,169.575
2.99,164.73
2.99,168.0075
2.99,167.4375
2.99,169.575
2.99,164.73
3,168.0075
3,167.4375
3,169.575
3,164.73
3,168.0075
3,164.8725
3,166.725
3,166.725
3,166.44
3,166.2975
3.01,166.2975
3.01,166.2975
3.01,166.2975
3.01,166.2975
3.01,166.2975
3.01,166.5825
3.01,171.285
3.01,164.73
3.01,170.145
3.01,164.73
3.02,166.8675
3.02,166.5825
3.02,166.2975
3.02,166.2975
3.02,166.2975
3.02,166.2975
3.02,166.2975
3.02,166.2975
3.02,166.2975
3.02,166.2975
3.03,166.2975
3.03,166.2975
3.03,166.2975
3.03,166.2975
3.03,166.2975
3.03,166.2975
3.03,166.2975
3.03,166.2975
3.03,166.2975
3.03,166.2975
3.04,166.2975
3.04,166.2975
3.04,166.2975
3.04,166.2975
3.04,166.2975
3.04,166.2975
3.04,166.2975
3.04,166.2975
3.04,166.2975
3.04,166.2975
3.05,166.2975
3.05,166.2975
3.05,166.2975
3.05,166.2975
3.05,166.2975
3.05,166.2975
3.05,166.2975
3.05,166.2975
3.05,166.2975
3.05,166.2975
3.06,166.2975
3.06,166.2975
3.06,166.2975
3.06,166.0125
3.06,165.7275
3.06,165.7275
3.06,165.7275
3.06,166.0125
3.06,166.2975
3.06,166.2975
3.07,166.2975
3.07,166.2975
3.07,166.2975
3.07,166.2975
3.07,166.2975
3.07,166.2975
3.07,166.2975
3.07,166.2975
3.07,166.2975
3.07,166.2975
3.08,166.2975
3.08,166.2975
3.08,166.2975
3.08,166.2975
3.08,166.2975
3.08,166.2975
3.08,166.2975
3.08,166.2975
3.08,166.2975
3.08,166.2975
3.09,166.0125
3.09,164.5875
3.09,165.7275
3.09,165.1575
3.09,165.1575
3.09,164.5875
3.09,165.7275
3.09,164.8725
3.09,164.8725
3.09,165.4425
3.1,165.7275
3.1,166.0125
3.1,166.2975
3.1,166.2975
3.1,166.0125
3.1,163.4475
3.1,165.7275
3.1,166.8675
3.1,165.1575
3.1,163.02
3.11,165.7275
3.11,166.8675
3.11,165.1575
3.11,162.735
3.11,164.5875
3.11,164.5875
3.11,166.8675
3.11,164.8725
3.11,164.8725
3.11,164.5875
3.12,165.7275
3.12,165.7275
3.12,165.7275
3.12,163.4475
3.12,165.7275
3.12,166.8675
3.12,164.8725
3.12,162.735
3.12,166.8675
3.12,164.8725
3.13,164.8725
3.13,166.8675
3.13,164.8725
3.13,162.735
3.13,164.5875
3.13,164.5875
3.13,164.3025
3.13,164.0175
3.13,164.0175
3.13,164.0175
3.14,164.0175
3.14,164.0175
3.14,164.0175
3.14,164.0175
3.14,164.0175
3.14,164.0175
3.14,164.0175
3.14,164.0175
3.14,164.0175
3.14,164.0175
3.15,164.0175
3.15,164.0175
3.15,164.0175
3.15,164.0175
3.15,164.0175
3.15,164.0175
3.15,164.0175
3.15,164.0175
3.15,164.0175
3.15,164.0175
3.16,164.0175
3.16,164.0175
3.16,164.0175
3.16,164.0175
3.16,164.0175
3.16,164.0175
3.16,164.0175
3.16,164.0175
3.16,164.0175
3.16,164.0175
3.17,164.0175
3.17,164.0175
3.17,164.0175
3.17,164.0175
3.17,164.0175
3.17,164.0175
3.17,164.0175
3.17,164.0175
3.17,164.0175
3.17,164.0175
3.18,164.0175
3.18,164.0175
3.18,164.0175
3.18,164.0175
3.18,164.0175
3.18,164.0175
3.18,164.0175
3.18,164.0175
3.18,164.0175
3.18,164.0175
3.19,164.0175
3.19,164.0175
3.19,164.0175
3.19,164.0175
3.19,164.0175
3.19,164.0175
3.19,164.0175
3.19,164.0175
3.19,164.0175
3.19,164.0175
3.2,164.0175
3.2,164.0175
3.2,164.0175
3.2,164.0175
3.2,164.0175
3.2,164.0175
3.2,164.0175
3.2,164.0175
3.2,164.0175
3.2,164.0175
3.21,164.0175
3.21,164.0175
3.21,164.0175
3.21,164.0175
3.21,164.0175
3.21,163.7325
3.21,163.4475
3.21,163.4475
3.21,163.4475
3.21,163.7325
3.22,163.7325
3.22,161.1675
3.22,163.1625
3.22,164.73
3.22,162.8775
3.22,160.5975
3.22,163.1625
3.22,164.73
3.22,162.8775
3.22,160.5975
3.23,163.1625
3.23,162.45
3.23,162.165
3.23,161.88
3.23,161.595
3.23,161.595
3.23,161.595
3.23,161.595
3.23,161.88
3.23,164.73
3.24,162.8775
3.24,162.45
3.24,163.1625
3.24,162.8775
3.24,162.8775
3.24,162.45
3.24,160.8825
3.24,162.45
3.24,162.165
3.24,162.45
3.25,163.1625
3.25,162.45
3.25,162.165
3.25,161.88
3.25,161.595
3.25,161.595
3.25,161.595
3.25,161.595
3.25,161.595
3.25,161.595
3.26,161.595
3.26,161.595
3.26,161.595
3.26,161.595
3.26,161.595
3.26,161.595
3.26,161.595
3.26,161.595
3.26,161.595
3.26,161.595
3.27,161.595
3.27,161.595
3.27,161.595
3.27,161.595
3.27,161.595
3.27,161.595
3.27,161.595
3.27,161.595
3.27,161.595
3.27,161.595
3.28,161.595
3.28,161.595
3.28,161.595
3.28,161.595
3.28,161.595
3.28,161.595
3.28,161.595
3.28,161.595
3.28,161.595
3.28,161.595
3.29,161.595
3.29,161.31
3.29,161.025
3.29,161.025
3.29,161.025
3.29,161.31
3.29,161.595
3.29,161.595
3.29,161.595
3.29,161.595
3.3,161.595
3.3,161.595
3.3,161.595
3.3,161.595
3.3,161.595
3.3,161.595
3.3,161.595
3.3,161.595
3.3,161.31
3.3,160.8825
3.31,160.74
3.31,160.455
3.31,160.3125
3.31,160.8825
3.31,161.025
3.31,161.025
3.31,161.025
3.31,160.8825
3.31,160.5975
3.31,160.5975
3.32,160.5975
3.32,160.5975
3.32,160.5975
3.32,160.5975
3.32,158.175
3.32,160.3125
3.32,162.45
3.32,160.455
3.32,160.74
3.32,158.745
3.33,161.595
3.33,162.3075
3.33,158.0325
3.33,160.17
3.33,159.885
3.33,159.885
3.33,159.885
3.33,159.885
3.33,159.885
3.33,159.885
3.34,159.885
3.34,159.885
3.34,159.885
3.34,159.885
3.34,159.885
3.34,159.885
3.34,159.885
3.34,159.885
3.34,159.885
3.34,159.885
3.35,159.885
3.35,159.885
3.35,159.885
3.35,159.885
3.35,159.885
3.35,159.885
3.35,159.885
3.35,159.885
3.35,159.885
3.35,159.885
3.36,159.885
3.36,159.885
3.36,159.885
3.36,159.885
3.36,159.885
3.36,159.885
3.36,159.885
3.36,159.885
3.36,159.885
3.36,159.885
3.37,159.885
3.37,159.885
3.37,159.885
3.37,159.885
3.37,159.885
3.37,159.885
3.37,159.885
3.37,159.885
3.37,159.885
3.37,159.885
3.38,159.885
3.38,159.885
3.38,159.885
3.38,159.6
3.38,159.315
3.38,159.315
3.38,159.315
3.38,159.6
3.38,159.885
3.38,159.885
3.39,159.6
3.39,157.035
3.39,159.1725
3.39,159.1725
3.39,159.6
3.39,159.6
3.39,159.315
3.39,158.8875
3.39,158.6025
3.39,158.8875
3.4,159.315
3.4,159.6
3.4,159.885
3.4,159.885
3.4,159.6
3.4,157.035
3.4,161.31
3.4,158.0325
3.4,158.3175
3.4,158.3175
3.41,158.3175
3.41,158.8875
3.41,158.8875
3.41,156.75
3.41,161.31
3.41,155.895
3.41,161.31
3.41,155.895
3.41,158.0325
3.41,157.605
3.42,157.32
3.42,157.605
3.42,162.45
3.42,155.895
3.42,161.31
3.42,155.895
3.42,158.0325
3.42,157.605
3.42,157.32
3.42,157.32
3.43,157.32
3.43,157.32
3.43,157.32
3.43,157.32
3.43,157.32
3.43,157.32
3.43,157.32
3.43,157.32
3.43,157.32
3.43,157.32
3.44,157.32
3.44,157.32
3.44,157.32
3.44,157.32
3.44,157.32
3.44,157.32
3.44,157.32
3.44,157.32
3.44,157.32
3.44,157.32
3.45,157.32
3.45,157.32
3.45,157.32
3.45,157.32
3.45,157.32
3.45,157.32
3.45,157.32
3.45,157.32
3.45,157.32
3.45,157.32
3.46,157.1775
3.46,154.47
3.46,156.75
3.46,156.75
3.46,157.1775
3.46,157.32
3.46,157.32
3.46,157.1775
3.46,156.8925
3.46,156.8925
3.47,156.6075
3.47,154.3275
3.47,156.75
3.47,155.7525
3.47,156.75
3.47,156.6075
3.47,156.6075
3.47,156.75
3.47,156.18
3.47,153.615
3.48,155.4675
3.48,155.1825
3.48,155.1825
3.48,155.1825
3.48,155.1825
3.48,155.1825
3.48,155.1825
3.48,155.1825
3.48,155.1825
3.48,155.1825
3.49,155.1825
3.49,155.1825
3.49,155.1825
3.49,155.1825
3.49,155.1825
3.49,155.1825
3.49,155.1825
3.49,155.1825
3.49,155.1825
3.49,155.1825
3.5,155.1825
3.5,155.1825
3.5,155.1825
3.5,155.1825
3.5,155.1825
3.5,155.1825
3.5,155.1825
3.5,155.1825
3.5,155.1825
3.5,155.1825
3.51,155.1825
3.51,155.1825
3.51,155.1825
3.51,155.1825
3.51,155.1825
3.51,155.1825
3.51,155.1825
3.51,155.1825
3.51,155.1825
3.51,155.1825
3.52,155.1825
3.52,155.1825
3.52,155.1825
3.52,155.1825
3.52,155.1825
3.52,155.1825
3.52,155.1825
3.52,155.1825
3.52,155.1825
3.52,155.1825
3.53,155.1825
3.53,155.1825
3.53,155.1825
3.53,155.1825
3.53,155.1825
3.53,155.1825
3.53,155.1825
3.53,155.1825
3.53,155.1825
3.53,155.1825
3.54,155.1825
3.54,155.1825
3.54,155.1825
3.54,155.1825
3.54,155.1825
3.54,155.1825
3.54,155.1825
3.54,155.1825
3.54,157.1775
3.54,151.62
3.55,154.6125
3.55,154.0425
3.55,156.3225
3.55,153.9
3.55,151.62
3.55,153.615
3.55,158.0325
3.55,151.62
3.55,153.615
3.55,153.1875
3.56,152.9025
3.56,152.9025
3.56,152.9025
3.56,152.9025
3.56,152.9025
3.56,152.9025
3.56,152.9025
3.56,152.9025
3.56,152.9025
3.56,152.9025
3.57,152.9025
3.57,152.9025
3.57,152.9025
3.57,152.9025
3.57,152.9025
3.57,152.9025
3.57,152.9025
3.57,152.9025
3.57,152.9025
3.57,152.9025
3.58,152.9025
3.58,152.9025
3.58,152.9025
3.58,152.9025
3.58,152.9025
3.58,152.9025
3.58,152.9025
3.58,152.9025
3.58,152.9025
3.58,152.9025
3.59,152.9025
3.59,152.6175
3.59,152.3325
3.59,152.3325
3.59,152.0475
3.59,151.1925
3.59,152.19
3.59,151.7625
3.59,151.7625
3.59,151.1925
3.6,149.91
3.6,151.1925
3.6,153.33
3.6,151.1925
3.6,152.19
3.6,149.1975
3.6,151.1925
3.6,151.1925
3.6,150.9075
3.6,150.6225
3.61,150.6225
3.61,150.6225
3.61,150.6225
3.61,150.6225
3.61,150.6225
3.61,150.6225
3.61,150.6225
3.61,150.6225
3.61,150.6225
3.61,150.6225
3.62,150.6225
3.62,150.6225
3.62,150.6225
3.62,150.6225
3.62,150.6225
3.62,150.6225
3.62,150.6225
3.62,150.6225
3.62,150.6225
3.62,150.6225
3.63,150.6225
3.63,150.195
3.63,149.625
3.63,147.2025
3.63,151.335
3.63,148.9125
3.63,148.77
3.63,148.485
3.63,148.3425
3.63,148.3425
3.64,148.3425
3.64,148.3425
3.64,148.3425
3.64,148.3425
3.64,148.3425
3.64,148.3425
3.64,148.3425
3.64,148.3425
3.64,148.3425
3.64,148.3425
3.65,148.3425
3.65,148.0575
3.65,147.4875
3.65,144.9225
3.65,149.055
3.65,146.49
3.65,146.6325
3.65,146.3475
3.65,146.0625
3.65,146.0625
3.66,146.0625
3.66,146.0625
3.66,146.0625
3.66,146.0625
3.66,146.0625
3.66,146.0625
3.66,146.0625
3.66,145.7775
3.66,145.4925
3.66,142.9275
3.67,144.6375
3.67,144.495
3.67,144.21
3.67,143.925
3.67,143.925
3.67,143.925
3.67,146.3475
3.67,145.35
3.67,149.91
3.67,152.76
3.68,157.7475
3.68,155.7525
3.68,156.8925
3.68,144.9225
3.68,147.7725
3.68,137.6265
3.68,141.45975
3.68,138.80925
3.68,141.60225
3.68,144.6375
3.69,145.92
3.69,146.775
3.69,148.77
3.69,148.77
3.69,141.1035
3.69,137.6265
3.69,132.96675
3.69,126.2835
3.69,127.95075
3.69,124.47375
3.7,116.679
3.7,122.322
3.7,107.71575
3.7,91.01475
3.7,94.0785
3.7,79.116
3.7,82.66425
3.7,78.0045
3.7,89.3475
3.7,101.44575
3.71,113.90025
3.71,126.5685
3.71,130.188
3.71,134.4915
3.71,145.635
3.71,148.9125
3.71,143.355
3.71,143.07
3.71,125.72775
3.71,110.70825
3.72,105.1365
3.72,115.43925
3.72,120.85425
3.72,135.888
3.72,152.475
3.72,160.17
3.72,161.595
3.72,163.7325
3.72,171.285
3.72,167.01
3.73,175.4175
3.73,164.8725
3.73,152.3325
3.73,140.06325
3.73,125.0295
3.73,108.9555
3.73,98.59575
3.73,99.294
3.73,105.279
3.73,110.56575
3.74,122.10825
3.74,115.8525
3.74,125.457
3.74,140.1345
3.74,146.0625
3.74,151.1925
3.74,149.91
3.74,144.495
3.74,139.29375
3.74,134.56275
3.75,127.8225
3.75,117.80475
3.75,103.398
3.75,101.859
3.75,102.771
3.75,115.2255
3.75,123.918
3.75,132.96675
3.75,142.215
3.75,151.1925
3.76,147.7725
3.76,144.3525
3.76,141.80175
3.76,136.30125
3.76,137.427
3.76,126.98175
3.76,122.25075
3.76,120.17025
3.76,123.16275
3.76,125.9415
3.77,132.411
3.77,137.21325
3.77,145.92
3.77,148.9125
3.77,157.89
3.77,149.34
3.77,143.2125
3.77,139.57875
3.77,131.51325
3.77,125.72775
3.78,123.50475
3.78,118.7025
3.78,117.17775
3.78,112.0905
3.78,114.114
3.78,114.2565
3.78,117.306
3.78,119.88525
3.78,127.60875
3.78,133.665
3.79,140.34825
3.79,147.63
3.79,156.0375
3.79,151.62
3.79,148.0575
3.79,142.08675
3.79,137.6265
3.79,131.442
3.79,133.38
3.79,125.0295
3.8,121.62375
3.8,117.1065
3.8,112.30425
3.8,107.08875
3.8,111.948
3.8,118.218
3.8,134.292
3.8,138.18225
3.8,141.60225
3.8,143.2125
3.81,142.6425
3.81,142.158
3.81,139.29375
3.81,137.142
3.81,133.87875
3.81,124.83
3.81,116.8215
3.81,104.8515
3.81,100.61925
3.81,106.3905
3.82,116.1945
3.82,128.72025
3.82,138.054
3.82,142.5
3.82,145.7775
3.82,147.63
3.82,147.2025
3.82,145.2075
3.82,146.6325
3.82,142.785
3.83,141.31725
3.83,131.442
3.83,126.01275
3.83,119.74275
3.83,114.2565
3.83,115.43925
3.83,116.40825
3.83,119.3295
3.83,120.2415
3.83,115.8525
3.84,117.7335
3.84,114.38475
3.84,114.18525
3.84,115.083
3.84,115.368
3.84,119.88525
3.84,127.60875
3.84,133.38
3.84,142.08675
3.84,142.5
3.85,143.4975
3.85,142.158
3.85,138.46725
3.85,133.73625
3.85,133.1805
3.85,130.60125
3.85,128.09325
3.85,124.47375
3.85,121.695
3.85,116.75025
3.86,120.99675
3.86,124.75875
3.86,136.857
3.86,140.34825
3.86,145.7775
3.86,146.775
3.86,141.03225
3.86,133.38
3.86,122.53575
3.86,111.948
3.87,109.65375
3.87,105.279
3.87,106.31925
3.87,102.69975
3.87,105.279
3.87,113.202
3.87,123.02025
3.87,134.919
3.87,141.17475
3.87,146.775
3.88,147.7725
3.88,144.3525
3.88,136.857
3.88,122.53575
3.88,114.456
3.88,110.979
3.88,111.81975
3.88,115.15425
3.88,119.472
3.88,123.7185
3.89,133.1805
3.89,133.93575
3.89,136.10175
3.89,138.8805
3.89,137.142
3.89,134.70525
3.89,134.919
3.89,127.053
3.89,123.02025
3.89,115.49625
3.9,111.948
3.9,109.31175
3.9,114.04275
3.9,120.17025
3.9,126.768
3.9,129.00525
3.9,135.61725
3.9,131.51325
3.9,129.4185
3.9,128.52075
3.91,127.5375
3.91,128.57775
3.91,127.68
3.91,124.47375
3.91,115.78125
3.91,113.487
3.91,107.43075
3.91,111.05025
3.91,110.13825
3.91,110.2095
3.92,113.07375
3.92,111.606
3.92,114.8835
3.92,114.04275
3.92,116.40825
3.92,124.545
3.92,134.4915
3.92,133.73625
3.92,142.28625
3.92,138.111
3.93,137.142
3.93,126.98175
3.93,118.14675
3.93,110.42325
3.93,102.9135
3.93,94.0785
3.93,87.25275
3.93,88.36425
3.93,91.64175
3.93,99.4365
3.94,111.948
3.94,123.0915
3.94,136.0305
3.94,140.34825
3.94,145.7775
3.94,148.9125
3.94,141.1035
3.94,124.75875
3.94,107.91525
3.94,97.68375
3.95,86.982
3.95,83.91825
3.95,84.9585
3.95,92.12625
3.95,100.548
3.95,107.844
3.95,117.80475
3.95,120.99675
3.95,134.4345
3.95,143.355
3.96,157.605
3.96,160.17
3.96,157.1775
3.96,144.6375
3.96,127.95075
3.96,117.80475
3.96,107.6445
3.96,106.59
3.96,107.28825
3.96,110.76525
3.97,111.606
3.97,108.6135
3.97,108.54225
3.97,104.994
3.97,106.03425
3.97,105.7635
3.97,105.7635
3.97,105.7635
3.97,108.2715
3.97,107.0175
3.98,112.0905
3.98,104.8515
3.98,98.25375
3.98,101.517
3.98,111.67725
3.98,120.726
3.98,127.75125
3.98,128.934
3.98,125.3145
3.98,122.322
3.99,116.89275
3.99,113.0025
3.99,111.891
3.99,111.53475
3.99,116.337
3.99,120.099
3.99,120.79725
3.99,120.17025
3.99,112.01925
3.99,105.54975
4,100.61925
4,104.1675
4,107.502
4,108.82725
4,112.7175
4,107.08875
4,107.91525
4,105.40725
4,109.5255
4,115.49625
4.01,119.472
4.01,121.42425
4.01,126.711
4.01,124.545
4.01,123.84675
4.01,119.9565
4.01,111.4635
4.01,110.8365
4.01,109.5825
4.01,110.90775
4.02,113.13075
4.02,110.8365
4.02,107.43075
4.02,105.7635
4.02,102.69975
4.02,95.19
4.02,89.47575
4.02,92.5395
4.02,94.63425
4.02,96.3015
4.03,100.33425
4.03,107.28825
4.03,103.04175
4.03,100.96125
4.03,102.771
4.03,105.69225
4.03,105.1365
4.03,111.05025
4.03,107.3595
4.03,105.279
4.04,109.5255
4.04,115.71
4.04,122.25075
4.04,124.61625
4.04,125.52825
4.04,125.799
4.04,128.86275
4.04,126.711
4.04,122.4645
4.04,118.0755
4.05,117.4485
4.05,112.0905
4.05,107.6445
4.05,99.921
4.05,95.11875
4.05,84.74475
4.05,86.91075
4.05,95.0475
4.05,102.84225
4.05,110.2095
4.06,121.76625
4.06,118.0755
4.06,118.91625
4.06,121.98
4.06,116.622
4.06,113.41575
4.06,108.39975
4.06,104.09625
4.06,99.22275
4.06,91.9125
4.07,87.1815
4.07,83.77575
4.07,80.49825
4.07,87.8085
4.07,98.31075
4.07,107.6445
4.07,121.8375
4.07,124.75875
4.07,132.411
4.07,127.26675
4.08,120.85425
4.08,114.38475
4.08,108.129
4.08,101.6595
4.08,96.08775
4.08,90.9435
4.08,85.5855
4.08,77.93325
4.08,75.981
4.08,78.9735
4.09,91.5705
4.09,100.19175
4.09,115.083
4.09,124.3455
4.09,132.2685
4.09,131.71275
4.09,132.5535
4.09,120.5835
4.09,121.068
4.09,116.1945
4.1,118.77375
4.1,118.3605
4.1,120.2415
4.1,113.6295
4.1,113.13075
4.1,110.56575
4.1,107.9865
4.1,105.7635
4.1,103.81125
4.1,104.025
4.11,98.59575
4.11,91.428
4.11,88.84875
4.11,80.997
4.11,76.05225
4.11,73.3305
4.11,74.94075
4.11,81.12525
4.11,88.02225
4.11,92.8245
4.12,96.23025
4.12,99.84975
4.12,103.5405
4.12,104.72325
4.12,111.7485
4.12,119.0445
4.12,125.24325
4.12,129.00525
4.12,135.33225
4.12,129.276
4.13,132.96675
4.13,125.0295
4.13,121.28175
4.13,117.306
4.13,112.64625
4.13,107.844
4.13,100.19175
4.13,94.563
4.13,91.713
4.13,87.1815
4.14,89.4045
4.14,89.13375
4.14,92.5395
4.14,91.713
4.14,94.97625
4.14,93.936
4.14,97.34175
4.14,99.08025
4.14,103.81125
4.14,104.72325
4.15,112.575
4.15,109.31175
4.15,113.41575
4.15,112.233
4.15,112.7175
4.15,115.5675
4.15,114.18525
4.15,117.306
4.15,114.3135
4.15,110.979
4.16,105.54975
4.16,101.30325
4.16,96.85725
4.16,92.5395
4.16,91.64175
4.16,89.13375
4.16,90.174
4.16,89.6895
4.16,86.91075
4.16,88.578
4.17,88.02225
4.17,88.293
4.17,91.64175
4.17,94.1355
4.17,99.36525
4.17,100.263
4.17,103.04175
4.17,105.97725
4.17,113.07375
4.17,109.31175
4.18,114.04275
4.18,119.814
4.18,123.50475
4.18,126.63975
4.18,123.50475
4.18,117.7335
4.18,110.01
4.18,103.81125
4.18,99.84975
4.18,94.4205
4.19,90.0315
4.19,90.3165
4.19,90.459
4.19,89.96025
4.19,92.397
4.19,91.35675
4.19,96.08775
4.19,101.44575
4.19,105.4785
4.19,108.756
4.2,103.04175
4.2,97.413
4.2,89.3475
4.2,80.37
4.2,76.05225
4.2,72.29025
4.2,77.16375
4.2,83.4195
4.2,89.6895
4.2,96.3015
4.21,105.621
4.21,110.979
4.21,116.964
4.21,120.099
4.21,123.78975
4.21,124.4025
4.21,121.13925
4.21,115.71
4.21,113.3445
4.21,100.4055
4.22,98.31075
4.22,91.49925
4.22,93.86475
4.22,97.68375
4.22,101.58825
4.22,101.93025
4.22,103.95375
4.22,105.35025
4.22,102.84225
4.22,99.636
4.23,97.413
4.23,92.055
4.23,91.64175
4.23,86.91075
4.23,86.2125
4.23,81.12525
4.23,80.49825
4.23,85.5855
4.23,87.25275
4.23,92.95275
4.24,96.99975
4.24,101.232
4.24,105.7635
4.24,107.502
4.24,110.637
4.24,112.93125
4.24,111.7485
4.24,109.8675
4.24,113.41575
4.24,104.8515
4.25,101.10375
4.25,96.786
4.25,94.7055
4.25,89.13375
4.25,89.61825
4.25,90.24525
4.25,90.174
4.25,92.95275
4.25,91.5705
4.25,95.26125
4.26,97.071
4.26,99.08025
4.26,101.0325
4.26,101.93025
4.26,100.96125
4.26,100.89
4.26,98.11125
4.26,99.70725
4.26,99.1515
4.26,99.22275
4.27,100.81875
4.27,103.81125
4.27,105.83475
4.27,105.54975
4.27,108.8985
4.27,106.59
4.27,103.5405
4.27,101.802
4.27,99.4935
4.27,96.9285
4.28,91.5705
4.28,88.16475
4.28,86.76825
4.28,80.92575
4.28,80.49825
4.28,78.07575
4.28,80.44125
4.28,86.62575
4.28,90.24525
4.28,96.9285
4.29,98.11125
4.29,99.294
4.29,98.59575
4.29,98.93775
4.29,98.59575
4.29,95.817
4.29,95.88825
4.29,96.9285
4.29,97.071
4.29,99.84975
4.3,98.1825
4.3,99.009
4.3,100.81875
4.3,103.5405
4.3,102.69975
4.3,103.74
4.3,103.74
4.3,99.636
4.3,97.8975
4.3,92.26875
4.31,90.801
4.31,85.443
4.31,86.91075
4.31,87.59475
4.31,90.72975
4.31,92.12625
4.31,91.2855
4.31,92.682
4.31,95.46075
4.31,92.46825
4.32,92.682
4.32,89.3475
4.32,88.293
4.32,88.99125
4.32,85.02975
4.32,83.3625
4.32,84.9585
4.32,84.6735
4.32,89.13375
4.32,94.49175
4.33,98.8095
4.33,100.89
4.33,106.80375
4.33,105.279
4.33,108.8985
4.33,104.367
4.33,102.144
4.33,96.444
4.33,92.46825
4.33,90.72975
4.34,84.816
4.34,84.26025
4.34,82.7355
4.34,83.63325
4.34,84.9585
4.34,88.7205
4.34,93.4515
4.34,94.1355
4.34,96.444
4.34,97.62675
4.35,96.501
4.35,96.71475
4.35,96.501
4.35,95.3895
4.35,91.98375
4.35,90.3165
4.35,89.61825
4.35,90.24525
4.35,92.397
4.35,91.35675
4.36,96.08775
4.36,99.84975
4.36,101.10375
4.36,103.04175
4.36,100.81875
4.36,99.08025
4.36,97.413
4.36,94.7625
4.36,89.13375
4.36,85.37175
4.37,83.63325
4.37,76.95
4.37,75.76725
4.37,71.32125
4.37,77.16375
4.37,78.90225
4.37,84.88725
4.37,89.0625
4.37,96.71475
4.37,99.84975
4.38,104.09625
4.38,104.09625
4.38,102.9135
4.38,101.859
4.38,98.59575
4.38,96.501
4.38,94.49175
4.38,95.11875
4.38,91.49925
4.38,93.23775
4.39,91.64175
4.39,95.6745
4.39,96.786
4.39,96.0165
4.39,99.4365
4.39,95.88825
4.39,97.8975
4.39,93.1665
4.39,88.16475
4.39,83.91825
4.4,78.9735
4.4,72.3615
4.4,74.94075
4.4,72.219
4.4,77.16375
4.4,78.90225
4.4,84.0465
4.4,87.87975
4.4,92.055
4.4,94.00725
4.41,99.636
4.41,99.294
4.41,98.25375
4.41,97.071
4.41,91.49925
4.41,91.21425
4.41,88.7775
4.41,88.7775
4.41,84.74475
4.41,86.412
4.42,86.91075
4.42,90.87225
4.42,95.3895
4.42,94.7055
4.42,94.00725
4.42,94.278
4.42,94.00725
4.42,90.24525
4.42,88.7205
4.42,86.2125
4.43,83.4195
4.43,80.92575
4.43,78.9735
4.43,80.085
4.43,80.44125
4.43,80.8545
4.43,84.40275
4.43,86.14125
4.43,87.87975
4.43,87.39525
4.44,91.086
4.44,89.6895
4.44,89.61825
4.44,86.8395
4.44,88.50675
4.44,88.02225
4.44,87.73725
4.44,87.73725
4.44,88.02225
4.44,91.143
4.45,92.26875
4.45,92.75325
4.45,91.9125
4.45,92.1975
4.45,91.9125
4.45,90.53025
4.45,87.4665
4.45,85.443
4.45,83.14875
4.45,80.92575
4.46,78.6885
4.46,77.02125
4.46,78.0045
4.46,77.0925
4.46,79.38675
4.46,78.0045
4.46,80.44125
4.46,86.697
4.46,87.324
4.46,89.90325
4.47,91.9125
4.47,92.75325
4.47,91.9125
4.47,92.1975
4.47,91.9125
4.47,89.13375
4.47,90.801
4.47,89.96025
4.47,86.91075
4.47,88.578
4.48,88.36425
4.48,90.801
4.48,89.13375
4.48,89.6895
4.48,89.96025
4.48,87.4665
4.48,88.84875
4.48,82.593
4.48,82.23675
4.48,79.38675
4.49,76.4655
4.49,71.592
4.49,72.71775
4.49,73.2735
4.49,75.56775
4.49,76.893
4.49,79.04475
4.49,84.26025
4.49,87.951
4.49,89.61825
4.5,92.95275
4.5,95.532
4.5,96.9285
4.5,95.3895
4.5,91.77
4.5,89.6895
4.5,84.816
4.5,85.443
4.5,82.7355
4.5,83.847
4.51,83.63325
4.51,86.48325
4.51,87.59475
4.51,88.36425
4.51,90.459
4.51,89.0625
4.51,89.3475
4.51,88.0935
4.51,82.52175
4.51,82.23675
4.52,79.458
4.52,76.608
4.52,74.1
4.52,72.0195
4.52,71.25
4.52,73.20225
4.52,79.38675
4.52,80.5695
4.52,86.28375
4.52,87.53775
4.53,92.5395
4.53,90.53025
4.53,90.72975
4.53,90.10275
4.53,85.17225
4.53,83.4195
4.53,80.5695
4.53,78.41775
4.53,79.3155
4.53,78.75975
4.54,78.75975
4.54,79.2585
4.54,82.66425
4.54,87.666
4.54,87.1815
4.54,88.02225
4.54,91.086
4.54,88.0935
4.54,82.52175
4.54,81.89475
4.55,76.19475
4.55,72.71775
4.55,72.71775
4.55,72.29025
4.55,69.09825
4.55,72.219
4.55,75.71025
4.55,77.93325
4.55,81.339
4.55,86.697
4.56,87.324
4.56,87.39525
4.56,90.72975
4.56,88.0935
4.56,85.02975
4.56,83.00625
4.56,80.712
4.56,78.831
4.56,78.204
4.56,78.9735
4.57,78.75975
4.57,79.2585
4.57,82.66425
4.57,83.63325
4.57,82.593
4.57,83.14875
4.57,82.86375
4.57,81.41025
4.57,78.41775
4.57,76.39425
4.58,74.1
4.58,72.0195
4.58,71.25
4.58,71.94825
4.58,71.80575
4.58,74.79825
4.58,76.266
4.58,78.56025
4.58,83.49075
4.58,83.63325
4.59,87.1815
4.59,88.36425
4.59,86.91075
4.59,86.14125
4.59,83.14875
4.59,83.91825
4.59,80.29875
4.59,81.41025
4.59,78.07575
4.59,79.52925
4.6,79.3155
4.6,81.75225
4.6,80.29875
4.6,81.12525
4.6,81.624
4.6,81.89475
4.6,81.624
4.6,78.90225
4.6,80.01375
4.6,76.39425
4.61,74.8695
4.61,73.2735
4.61,74.94075
4.61,71.25
4.61,73.473
4.61,71.25
4.61,77.16375
4.61,78.90225
4.61,83.49075
4.61,83.63325
4.62,82.80675
4.62,83.847
4.62,86.355
4.62,83.22
4.62,80.44125
4.62,78.56025
4.62,76.608
4.62,74.8695
4.62,75.56775
4.62,72.3615
4.63,74.94075
4.63,77.16375
4.63,78.41775
4.63,79.3155
4.63,81.681
4.63,80.8545
4.63,83.91825
4.63,81.41025
4.63,78.6885
4.63,77.30625
4.64,75.28275
4.64,73.20225
4.64,71.25
4.64,72.219
4.64,71.66325
4.64,71.94825
4.64,73.473
4.64,76.4655
4.64,78.56025
4.64,80.8545
4.65,82.86375
4.65,83.63325
4.65,80.37
4.65,82.308
4.65,81.12525
4.65,76.67925
4.65,74.727
4.65,72.6465
4.65,73.131
4.65,72.29025
4.66,71.80575
4.66,71.94825
4.66,73.473
4.66,76.4655
4.66,78.27525
4.66,79.3155
4.66,78.41775
4.66,76.19475
4.66,77.79075
4.66,74.385
4.67,72.57525
4.67,70.55175
4.67,68.18625
4.67,66.3765
4.67,68.4
4.67,70.06725
4.67,69.2265
4.67,75.639
4.67,75.8385
4.67,78.56025
4.68,83.49075
4.68,83.63325
4.68,82.593
4.68,80.64075
4.68,81.966
4.68,75.76725
4.68,75.42525
4.68,72.846
4.68,69.027
4.68,68.67075
4.69,70.35225
4.69,67.35975
4.69,72.57525
4.69,71.25
4.69,75.012
4.69,74.31375
4.69,75.28275
4.69,75.639
4.69,75.28275
4.69,72.09075
4.7,70.55175
4.7,70.908
4.7,67.21725
4.7,68.32875
4.7,67.70175
4.7,70.55175
4.7,69.44025
4.7,73.131
4.7,75.28275
4.7,77.44875
4.71,79.04475
4.71,78.13275
4.71,78.75975
4.71,78.75975
4.71,78.07575
4.71,72.6465
4.71,72.71775
4.71,70.40925
4.71,70.908
4.71,70.06725
4.72,69.44025
4.72,67.07475
4.72,70.35225
4.72,73.131
4.72,74.65575
4.72,73.9575
4.72,75.08325
4.72,75.639
4.72,75.28275
4.72,74.5845
4.73,73.758
4.73,72.219
4.73,69.29775
4.73,68.115
4.73,70.35225
4.73,70.06725
4.73,73.131
4.73,72.0195
4.73,75.354
4.73,74.31375
4.74,77.50575
4.74,75.90975
4.74,76.266
4.74,73.68675
4.74,75.08325
4.74,71.46375
4.74,69.44025
4.74,65.1225
4.74,68.4
4.74,64.85175
4.75,68.95575
4.75,64.85175
4.75,70.623
4.75,67.773
4.75,72.57525
4.75,71.25
4.75,72.3615
4.75,73.2735
4.75,75.56775
4.75,72.219
4.76,69.29775
4.76,67.84425
4.76,68.5425
4.76,67.55925
4.76,67.0035
4.76,64.85175
4.76,70.623
4.76,69.2265
4.76,72.91725
4.76,74.51325
4.77,75.981
4.77,74.51325
4.77,77.7195
4.77,72.29025
4.77,74.94075
4.77,72.219
4.77,69.027
4.77,67.07475
4.77,65.05125
4.77,65.82075
4.78,64.99425
4.78,62.757
4.78,68.5425
4.78,66.78975
4.78,67.84425
4.78,68.95575
4.78,72.57525
4.78,69.8535
4.78,70.35225
4.78,67.488
4.79,66.0345
4.79,66.44775
4.79,62.757
4.79,62.62875
4.79,66.234
4.79,62.415
4.79,68.5425
4.79,66.78975
4.79,70.4805
4.79,72.29025
4.8,73.758
4.8,72.219
4.8,73.3305
4.8,73.2735
4.8,70.1385
4.8,70.908
4.8,67.0035
4.8,65.33625
4.8,65.892
4.8,60.3915
4.81,66.0345
4.81,60.94725
4.81,63.8115
4.81,66.59025
4.81,67.6305
4.81,66.78975
4.81,67.84425
4.81,70.908
4.81,66.78975
4.81,68.67075
4.82,68.115
4.82,65.05125
4.82,66.234
4.82,65.47875
4.82,64.99425
4.82,64.70925
4.82,64.99425
4.82,68.04375
4.82,69.09825
4.82,69.996
4.83,71.535
4.83,67.6305
4.83,72.57525
4.83,69.8535
4.83,70.06725
4.83,64.7805
4.83,66.177
4.83,66.30525
4.83,62.8995
4.83,64.011
4.84,60.534
4.84,59.565
4.84,63.5265
4.84,62.415
4.84,65.892
4.84,67.70175
4.84,69.09825
4.84,67.773
4.84,71.03625
4.84,66.78975
4.85,71.03625
4.85,67.773
4.85,64.638
4.85,65.82075
4.85,64.99425
4.85,64.70925
4.85,64.70925
4.85,64.70925
4.85,64.99425
4.85,68.04375
4.86,69.09825
4.86,69.996
4.86,71.535
4.86,69.8535
4.86,69.29775
4.86,67.773
4.86,65.1225
4.86,63.74025
4.86,64.1535
4.86,57.8835
4.87,59.0805
4.87,59.907
4.87,62.20125
4.87,60.876
4.87,66.6615
4.87,65.4075
4.87,65.1225
4.87,65.96325
4.87,66.44775
4.87,66.519
4.88,65.96325
4.88,62.8995
4.88,61.446
4.88,59.907
4.88,61.3035
4.88,58.026
4.88,61.3035
4.88,61.503
4.88,66.0345
4.88,64.85175
4.89,71.03625
4.89,67.773
4.89,68.81325
4.89,68.67075
4.89,65.607
4.89,64.22475
4.89,62.13
4.89,59.83575
4.89,60.0495
4.89,58.653
4.9,58.09725
4.9,58.38225
4.9,58.86675
4.9,59.63625
4.9,61.3035
4.9,64.36725
4.9,63.384
4.9,64.36725
4.9,66.6615
4.9,63.1845
4.91,60.534
4.91,59.28
4.91,59.0805
4.91,59.907
4.91,59.63625
4.91,59.63625
4.91,62.20125
4.91,60.534
4.91,63.74025
4.91,62.757
4.92,63.74025
4.92,66.59025
4.92,62.48625
4.92,64.36725
4.92,63.74025
4.92,60.534
4.92,61.503
4.92,58.026
4.92,59.1375
4.92,58.38225
4.93,55.6605
4.93,59.907
4.93,57.8835
4.93,58.653
4.93,64.22475
4.93,60.3915
4.93,64.296
4.93,63.042
4.93,63.74025
4.93,64.011
4.94,61.161
4.94,59.907
4.94,59.0805
4.94,59.907
4.94,59.4225
4.94,56.98575
4.94,59.565
4.94,59.20875
4.94,59.4225
4.94,59.907
4.95,63.5265
4.95,60.3915
4.95,61.788
4.95,62.05875
4.95,64.011
4.95,58.1685
4.95,59.0805
4.95,59.63625
4.95,56.2875
4.95,55.176
4.96,56.772
4.96,53.58
4.96,56.772
4.96,56.70075
4.96,59.7645
4.96,58.653
4.96,62.00175
4.96,63.45525
4.96,64.70925
4.96,63.1845
4.97,60.534
4.97,62.13
4.97,61.161
4.97,58.026
4.97,59.1375
4.97,55.87425
4.97,57.399
4.97,59.69325
4.97,60.192
4.97,58.026
4.98,61.9305
4.98,60.876
4.98,66.30525
4.98,63.1845
4.98,60.26325
4.98,59.00925
4.98,59.7645
4.98,56.21625
4.98,57.057
4.98,53.99325
4.99,55.38975
4.99,52.59675
4.99,54.834
4.99,55.0335
4.99,56.772
4.99,59.63625
4.99,58.5105
4.99,59.35125
4.99,59.63625
4.99,59.63625
5,59.4225
5,58.938
5,56.21625
5,57.684
5,56.84325
5,56.21625
5,53.4375
5,57.5415
5,55.6605
5,56.50125
5.01,62.05875
5.01,58.026
5.01,59.4225
5.01,59.63625
5.01,61.6455
5.01,55.803
5.01,57.61275
5.01,54.27825
5.01,57.61275
5.01,53.85075
5.02,51.357
5.02,50.445
5.02,52.4685
5.02,54.90525
5.02,53.58
5.02,56.9145
5.02,55.87425
5.02,56.70075
5.02,57.32775
5.02,57.684
5.03,57.684
5.03,57.399
5.03,56.84325
5.03,53.65125
5.03,54.6915
5.03,51.5565
5.03,53.1525
5.03,52.953
5.03,55.38975
5.03,53.7795
5.04,54.33525
5.04,55.176
5.04,59.00925
5.04,55.803
5.04,56.50125
5.04,56.21625
5.04,53.4375
5.04,54.96225
5.04,51.8415
5.04,50.73
5.05,50.23125
5.05,51.072
5.05,53.36625
5.05,51.699
5.05,54.6915
5.05,53.50875
5.05,56.9145
5.05,55.87425
5.05,56.84325
5.05,57.399
5.06,57.32775
5.06,56.70075
5.06,55.87425
5.06,51.62775
5.06,53.1525
5.06,52.25475
5.06,51.62775
5.06,53.295
5.06,51.62775
5.06,52.25475
5.07,57.61275
5.07,53.85075
5.07,55.0335
5.07,55.3185
5.07,55.3185
5.07,54.96225
5.07,54.33525
5.07,51.28575
5.07,52.4685
5.07,49.11975
5.08,50.51625
5.08,50.23125
5.08,50.23125
5.08,52.73925
5.08,51.414
5.08,54.76275
5.08,53.65125
5.08,54.6915
5.08,55.3185
5.08,55.3185
5.09,57.27075
5.09,53.85075
5.09,51.62775
5.09,53.295
5.09,52.59675
5.09,52.11225
5.09,49.40475
5.09,51.072
5.09,53.36625
5.09,51.699
5.1,52.1835
5.1,55.24725
5.1,56.088
5.1,53.85075
5.1,54.13575
5.1,51.5565
5.1,52.88175
5.1,52.11225
5.1,49.0485
5.1,47.937
5.11,47.86575
5.11,48.7065
5.11,50.85825
5.11,49.26225
5.11,49.88925
5.11,52.953
5.11,51.62775
5.11,52.11225
5.11,52.59675
5.11,52.953
5.12,52.59675
5.12,52.11225
5.12,49.40475
5.12,50.73
5.12,49.88925
5.12,47.03925
5.12,48.63525
5.12,48.3645
5.12,50.85825
5.12,49.26225
5.13,49.88925
5.13,50.51625
5.13,50.85825
5.13,53.295
5.13,51.28575
5.13,53.295
5.13,49.0485
5.13,50.73
5.13,49.88925
5.13,46.8255
5.14,47.86575
5.14,44.81625
5.14,46.4835
5.14,46.341
5.14,47.4525
5.14,50.03175
5.14,48.97725
5.14,50.17425
5.14,53.22375
5.14,51.072
5.15,52.4685
5.15,51.072
5.15,50.37375
5.15,47.03925
5.15,47.86575
5.15,44.81625
5.15,46.4835
5.15,46.12725
5.15,46.12725
5.15,46.341
5.16,47.4525
5.16,50.03175
5.16,51.2145
5.16,49.3335
5.16,50.5875
5.16,50.51625
5.16,49.88925
5.16,46.8255
5.16,47.86575
5.16,44.81625
5.17,48.4215
5.17,42.65025
5.17,45.372
5.17,44.9445
5.17,45.2295
5.17,45.999
5.17,47.4525
5.17,50.65875
5.17,49.60425
5.17,50.23125
5.18,49.88925
5.18,47.03925
5.18,48.3645
5.18,46.683
5.18,45.2295
5.18,45.999
5.18,45.2295
5.18,42.3795
5.18,46.4835
5.18,44.6025
5.19,45.2295
5.19,45.999
5.19,47.4525
5.19,48.92025
5.19,48.00825
5.19,48.3645
5.19,48.00825
5.19,46.683
5.19,47.4525
5.19,42.65025
5.2,43.13475
5.2,44.04675
5.2,43.76175
5.2,43.76175
5.2,46.1985
5.2,44.6025
5.2,45.2295
5.2,45.999
5.2,47.4525
5.2,48.92025
5.21,48.00825
5.21,48.15075
5.21,47.595
5.21,44.81625
5.21,48.4215
5.21,42.65025
5.21,43.13475
5.21,44.04675
5.21,43.76175
5.21,43.76175
5.22,46.1985
5.22,44.6025
5.22,45.2295
5.22,45.78525
5.22,48.7065
5.22,46.8255
5.22,44.6025
5.22,46.4835
5.22,45.50025
5.22,42.3795
5.23,43.76175
5.23,43.0065
5.23,40.2135
5.23,44.46
5.23,42.45075
5.23,43.27725
5.23,48.849
5.23,44.87325
5.23,45.8565
5.23,46.12725
5.24,46.12725
5.24,46.12725
5.24,48.0795
5.24,42.65025
5.24,44.38875
5.24,43.27725
5.24,40.2135
5.24,41.952
5.24,41.7525
5.24,41.7525
5.25,44.18925
5.25,42.50775
5.25,43.0065
5.25,43.833
5.25,48.849
5.25,42.65025
5.25,44.38875
5.25,43.833
5.25,40.76925
5.25,42.16575
5.26,41.05425
5.26,37.91925
5.26,42.02325
5.26,40.14225
5.26,40.76925
5.26,41.61
5.26,43.27725
5.26,43.491
5.26,46.1985
5.26,42.3795
5.27,47.595
5.27,42.65025
5.27,44.18925
5.27,42.16575
5.27,41.53875
5.27,38.20425
5.27,39.5865
5.27,39.31575
5.27,39.31575
5.27,39.31575
5.28,41.82375
5.28,40.14225
5.28,41.05425
5.28,41.88075
5.28,42.237
5.28,42.237
5.28,41.952
5.28,41.39625
5.28,41.05425
5.28,40.698
5.29,37.848
5.29,39.5865
5.29,39.03075
5.29,38.83125
5.29,38.83125
5.29,39.03075
5.29,41.82375
5.29,40.14225
5.29,40.76925
5.29,41.39625
5.3,41.7525
5.3,41.7525
5.3,43.6905
5.3,40.2135
5.3,38.06175
5.3,39.65775
5.3,38.9595
5.3,36.18075
5.3,37.77675
5.3,37.506
5.31,40.014
5.31,38.40375
5.31,38.9595
5.31,41.88075
5.31,42.50775
5.31,40.2135
5.31,41.4675
5.31,41.39625
5.31,40.76925
5.31,37.91925
5.32,39.2445
5.32,36.18075
5.32,37.77675
5.32,37.221
5.32,39.51525
5.32,37.848
5.32,38.475
5.32,39.03075
5.32,41.82375
5.32,40.14225
5.33,40.76925
5.33,41.05425
5.33,40.76925
5.33,37.91925
5.33,39.2445
5.33,36.18075
5.33,37.77675
5.33,37.221
5.33,36.95025
5.33,36.95025
5.34,36.95025
5.34,36.95025
5.34,39.51525
5.34,37.848
5.34,38.475
5.34,39.03075
5.34,39.31575
5.34,39.03075
5.34,38.475
5.34,35.625
5.35,37.0215
5.35,35.34
5.35,35.55375
5.35,35.283
5.35,37.77675
5.35,37.57725
5.35,39.2445
5.35,37.848
5.35,38.475
5.35,39.03075
5.36,39.31575
5.36,39.03075
5.36,38.475
5.36,35.625
5.36,37.0215
5.36,35.34
5.36,35.55375
5.36,34.998
5.36,34.72725
5.36,34.72725
5.37,34.72725
5.37,34.72725
5.37,34.92675
5.37,37.77675
5.37,36.1095
5.37,36.66525
5.37,36.95025
5.37,36.95025
5.37,36.66525
5.37,35.34
5.38,35.21175
5.38,32.07675
5.38,33.744
5.38,34.029
5.38,34.371
5.38,34.998
5.38,37.506
5.38,35.34
5.38,36.46575
5.38,36.3945
5.39,36.66525
5.39,36.95025
5.39,36.66525
5.39,35.34
5.39,35.55375
5.39,34.72725
5.39,31.59225
5.39,33.18825
5.39,32.56125
5.39,32.21925
5.4,32.21925
5.4,32.49
5.4,33.744
5.4,35.21175
5.4,34.371
5.4,34.72725
5.4,34.72725
5.4,34.72725
5.4,34.72725
5.4,34.44225
5.41,31.59225
5.41,33.18825
5.41,32.56125
5.41,32.21925
5.41,32.21925
5.41,32.21925
5.41,32.21925
5.41,32.49
5.41,33.744
5.41,35.21175
5.42,34.371
5.42,34.72725
5.42,34.371
5.42,32.9745
5.42,31.521
5.42,32.49
5.42,32.21925
5.42,31.863
5.42,29.08425
5.42,31.10775
5.43,31.79175
5.43,32.9745
5.43,32.0055
5.43,32.49
5.43,33.744
5.43,35.21175
5.43,34.371
5.43,34.44225
5.43,31.59225
5.43,33.18825
5.44,32.2905
5.44,30.7515
5.44,29.56875
5.44,30.7515
5.44,32.9175
5.44,31.236
5.44,31.59225
5.44,31.863
5.44,32.21925
5.44,32.21925
5.45,32.21925
5.45,32.21925
5.45,32.21925
5.45,31.863
5.45,29.08425
5.45,30.7515
5.45,30.19575
5.45,29.925
5.45,29.925
5.45,29.64
5.46,29.42625
5.46,29.42625
5.46,29.64
5.46,32.70375
5.46,31.30725
5.46,31.863
5.46,32.21925
5.46,32.21925
5.46,32.0055
5.46,30.7515
5.47,30.82275
5.47,29.982
5.47,26.86125
5.47,28.79925
5.47,29.36925
5.47,29.08425
5.47,29.85375
5.47,32.9745
5.47,31.30725
5.47,31.863
5.48,32.0055
5.48,30.7515
5.48,30.82275
5.48,30.267
5.48,29.64
5.48,26.86125
5.48,28.5285
5.48,27.97275
5.48,27.68775
5.48,27.68775
5.49,27.68775
5.49,27.68775
5.49,27.97275
5.49,30.7515
5.49,29.08425
5.49,29.64
5.49,29.925
5.49,29.925
5.49,29.64
5.49,26.86125
5.5,28.5285
